Timestamp(us),Sensor id,Value 0,Value 1,Value 2  
1.59958E+15,1,0.02197,0.06153,-0.99417
1.59958E+15,2,0.18311,-0.18311,-0.12207
1.59958E+15,1,0.021,0.06104,-0.99124
1.59958E+15,2,0,-0.4883,-0.24415
1.59958E+15,1,0.02051,0.06055,-0.99222
1.59958E+15,2,0.06104,-0.36622,-0.18311
1.59958E+15,1,0.02002,0.06104,-0.99222
1.59958E+15,2,-0.12207,-0.73244,-0.30519
1.59958E+15,1,0.02051,0.06153,-0.99124
1.59958E+15,2,-0.12207,-0.61037,-0.30519
1.59958E+15,1,0.02002,0.06104,-0.99124
1.59958E+15,2,0,-0.42726,-0.24415
1.59958E+15,1,0.02149,0.06055,-0.99026
1.59958E+15,2,0.06104,-0.24415,-0.18311
1.59958E+15,1,0.021,0.06104,-0.99075
1.59958E+15,2,0.12207,-0.24415,-0.12207
1.59958E+15,1,0.02051,0.06055,-0.99271
1.59958E+15,2,-0.06104,-0.30519,-0.24415
1.59958E+15,1,0.02149,0.0625,-0.99319
1.59958E+15,2,-0.18311,-0.61037,-0.30519
1.59958E+15,1,0.02246,0.06055,-0.99075
1.59958E+15,2,-0.06104,-0.36622,-0.24415
1.59958E+15,1,0.02246,0.06201,-0.99222
1.59958E+15,2,0.24415,-0.06104,-0.06104
1.59958E+15,1,0.02295,0.06055,-0.99319
1.59958E+15,2,-0.06104,-0.30519,-0.24415
1.59958E+15,1,0.02441,0.06055,-0.99271
1.59958E+15,2,0,-0.36622,-0.24415
1.59958E+15,1,0.02393,0.06055,-0.99271
1.59958E+15,2,0,-0.4883,-0.24415
1.59958E+15,1,0.02246,0.06055,-0.99075
1.59958E+15,2,0.06104,-0.36622,-0.18311
1.59958E+15,1,0.02149,0.06201,-0.99271
1.59958E+15,2,0,-0.54933,-0.24415
1.59958E+15,1,0.02149,0.06104,-0.99368
1.59958E+15,2,-0.06104,-0.54933,-0.24415
1.59958E+15,1,0.02002,0.06201,-0.99173
1.59958E+15,2,0,-0.4883,-0.24415
1.59958E+15,1,0.02149,0.06299,-0.99026
1.59958E+15,2,0.06104,-0.36622,-0.18311
1.59958E+15,1,0.01758,0.06153,-0.99026
1.59958E+15,2,0.12207,-0.24415,-0.24415
1.59958E+15,1,0.02149,0.06104,-0.99124
1.59958E+15,2,0.18311,-0.06104,-0.12207
1.59958E+15,1,0.02197,0.06055,-0.99319
1.59958E+15,2,-0.12207,-0.42726,-0.30519
1.59958E+15,1,0.02002,0.05908,-0.99173
1.59958E+15,2,-0.30519,-0.42726,-0.18311
1.59958E+15,1,0.02588,0.0625,-0.99515
1.59958E+15,2,-0.12207,-0.24415,-0.18311
1.59958E+15,1,0.01856,0.06104,-0.98685
1.59958E+15,2,-0.12207,-0.4883,-0.18311
1.59958E+15,1,0.02637,0.06348,-0.99612
1.59958E+15,2,0.24415,0.06104,-0.12207
1.59958E+15,1,0.02197,0.06201,-0.99466
1.59958E+15,2,0,-0.61037,-0.30519
1.59958E+15,1,0.02393,0.06055,-0.99319
1.59958E+15,2,0.06104,-0.54933,-0.18311
1.59958E+15,1,0.0249,0.06397,-0.99417
1.59958E+15,2,-0.12207,-0.73244,-0.30519
1.59958E+15,1,0.02197,0.05908,-0.98782
1.59958E+15,2,0.12207,-0.30519,-0.24415
1.59958E+15,1,0.02149,0.06153,-0.99271
1.59958E+15,2,-0.12207,-0.54933,-0.30519
1.59958E+15,1,0.02051,0.05908,-0.99124
1.59958E+15,2,-0.12207,-0.4883,-0.30519
1.59958E+15,1,0.02051,0.06201,-0.99222
1.59958E+15,2,-0.06104,-0.61037,-0.18311
1.59958E+15,1,0.02051,0.06104,-0.98929
1.59958E+15,2,0.12207,-0.4883,-0.24415
1.59958E+15,1,0.02051,0.06299,-0.99124
1.59958E+15,2,0.42726,-0.06104,-0.06104
1.59958E+15,1,0.02002,0.06006,-0.99026
1.59958E+15,2,0.12207,-0.36622,-0.18311
1.59958E+15,1,0.021,0.06201,-0.99271
1.59958E+15,2,0.06104,-0.36622,-0.18311
1.59958E+15,1,0.00439,0.06641,-1.0098
1.59958E+15,2,-0.36622,-1.34281,-0.30519
1.59958E+15,1,-0.00293,0.0708,-1.03177
1.59958E+15,2,-1.40385,-4.51674,-0.67141
1.59958E+15,1,-0.04785,0.08887,-1.09964
1.59958E+15,2,-3.90637,-12.32948,-1.09867
1.59958E+15,1,-0.03076,0.08838,-1.14212
1.59958E+15,2,-8.36207,-27.46666,-2.25837
1.59958E+15,1,-0.06494,0.09766,-1.14945
1.59958E+15,2,-11.78014,-39.55199,-3.11289
1.59958E+15,1,0.01367,0.07813,-1.07718
1.59958E+15,2,-14.70992,-51.45421,-3.96741
1.59958E+15,1,-0.00391,0.06397,-0.98831
1.59958E+15,2,-15.93066,-56.64235,-3.90637
1.59958E+15,1,-0.03858,0.07764,-1.02298
1.59958E+15,2,-18.12799,-60.73183,-3.35704
1.59958E+15,1,-0.06592,0.08155,-1.02347
1.59958E+15,2,-20.99673,-64.69924,-3.66222
1.59958E+15,1,-0.01172,0.06592,-1.02347
1.59958E+15,2,-19.10459,-64.02783,-3.05185
1.59958E+15,1,-0.0332,0.06494,-1.00882
1.59958E+15,2,-19.47081,-67.75109,-3.05185
1.59958E+15,1,-0.04883,0.07276,-0.96292
1.59958E+15,2,-20.87466,-69.70428,-2.8077
1.59958E+15,1,-0.06299,0.08155,-0.98099
1.59958E+15,2,-19.65392,-65.6148,-2.31941
1.59958E+15,1,0.01123,0.0752,-0.93509
1.59958E+15,2,-19.77599,-66.34724,-3.11289
1.59958E+15,1,-0.03955,0.10694,-0.96438
1.59958E+15,2,-19.95911,-66.7745,-5.61541
1.59958E+15,1,-0.12549,0.10254,-0.99905
1.59958E+15,2,-19.34874,-64.94339,-7.20237
1.59958E+15,1,-0.10498,0.08301,-0.9263
1.59958E+15,2,-18.49422,-61.8305,-5.31022
1.59958E+15,1,-0.13038,0.10205,-0.97171
1.59958E+15,2,-15.80859,-58.83969,-3.96741
1.59958E+15,1,-0.16846,0.11377,-0.98148
1.59958E+15,2,-18.31111,-59.20591,-2.74667
1.59958E+15,1,-0.05469,0.09961,-0.9346
1.59958E+15,2,-16.78518,-57.80206,-3.60118
1.59958E+15,1,-0.05127,0.09668,-0.93411
1.59958E+15,2,-16.11377,-57.80206,-5.37126
1.59958E+15,1,-0.21241,0.11963,-0.98685
1.59958E+15,2,-16.05274,-54.93332,-4.33363
1.59958E+15,1,-0.21778,0.10791,-0.97708
1.59958E+15,2,-16.11377,-54.81124,-2.86874
1.59958E+15,1,-0.19434,0.11426,-0.94925
1.59958E+15,2,-15.19822,-56.09302,-2.25837
1.59958E+15,1,-0.1084,0.11963,-0.95853
1.59958E+15,2,-14.22163,-54.0788,-2.86874
1.59958E+15,1,-0.14063,0.14258,-0.98148
1.59958E+15,2,-15.38133,-56.15406,-3.84533
1.59958E+15,1,-0.29786,0.15137,-1.03421
1.59958E+15,2,-16.41896,-55.78784,-4.08948
1.59958E+15,1,-0.29835,0.14014,-0.98294
1.59958E+15,2,-17.6397,-59.26695,-4.82192
1.59958E+15,1,-0.23243,0.12793,-0.98148
1.59958E+15,2,-16.48,-61.95257,-4.88296
1.59958E+15,1,-0.21387,0.13916,-0.95218
1.59958E+15,2,-16.05274,-59.14487,-4.39467
1.59958E+15,1,-0.30274,0.14698,-0.97903
1.59958E+15,2,-18.31111,-58.10724,-5.12711
1.59958E+15,1,-0.3296,0.13477,-0.9263
1.59958E+15,2,-17.70074,-59.0228,-4.944
1.59958E+15,1,-0.24903,0.1167,-0.90335
1.59958E+15,2,-15.5034,-56.09302,-4.27259
1.59958E+15,1,-0.23975,0.13819,-0.94436
1.59958E+15,2,-15.44237,-55.84887,-3.90637
1.59958E+15,1,-0.34718,0.15674,-0.96976
1.59958E+15,2,-16.60207,-56.21509,-3.60118
1.59958E+15,1,-0.29981,0.16016,-0.9556
1.59958E+15,2,-16.78518,-59.75524,-3.96741
1.59958E+15,1,-0.23536,0.14112,-0.88479
1.59958E+15,2,-15.68651,-61.40324,-4.4557
1.59958E+15,1,-0.2129,0.14063,-0.88772
1.59958E+15,2,-15.25925,-58.10724,-3.96741
1.59958E+15,1,-0.43605,0.1543,-0.8262
1.59958E+15,2,-15.74755,-54.50606,-2.86874
1.59958E+15,1,-0.2588,0.23341,-1.20023
1.59958E+15,2,-16.29688,-51.88147,-4.76089
1.59958E+15,1,-0.417,0.12452,-0.84964
1.59958E+15,2,-22.21747,-72.45094,-3.11289
1.59958E+15,1,-0.29005,0.15674,-0.78079
1.59958E+15,2,-6.40889,-50.41658,-4.02844
1.59958E+15,1,-0.40626,0.14795,-1.03763
1.59958E+15,2,-23.98755,-58.41243,-5.24918
1.59958E+15,1,-0.48341,0.14161,-0.68703
1.59958E+15,2,-17.39555,-56.70339,-3.90637
1.59958E+15,1,-0.26514,0.19239,-1.13431
1.59958E+15,2,-14.03851,-54.62813,-5.24918
1.59958E+15,1,-0.33692,0.22071,-0.85012
1.59958E+15,2,-22.21747,-65.43168,-2.38044
1.59958E+15,1,-0.43995,0.12403,-0.85061
1.59958E+15,2,-11.96326,-48.82962,-4.88296
1.59958E+15,1,-0.49709,0.23243,-0.97073
1.59958E+15,2,-16.05274,-58.5345,-1.95318
1.59958E+15,1,-0.43312,0.13428,-0.72658
1.59958E+15,2,-14.832,-56.09302,-6.28681
1.59958E+15,1,-0.25929,0.17383,-0.95071
1.59958E+15,2,-15.38133,-55.90991,-3.41807
1.59958E+15,1,-0.31544,0.17286,-0.84964
1.59958E+15,2,-20.08118,-59.45006,-6.16474
1.59958E+15,1,-0.53761,0.17774,-0.90579
1.59958E+15,2,-13.55022,-52.12561,-3.17392
1.59958E+15,1,-0.55812,0.24708,-0.94046
1.59958E+15,2,-18.25007,-58.47346,-4.15052
1.59958E+15,1,-0.46828,0.15088,-0.7637
1.59958E+15,2,-12.93985,-56.03198,-4.51674
1.59958E+15,1,-0.2964,0.19337,-0.88333
1.59958E+15,2,-14.09955,-53.83465,-3.84533
1.59958E+15,1,-0.45607,0.18018,-0.82376
1.59958E+15,2,-17.94488,-52.12561,-4.21155
1.59958E+15,1,-0.60549,0.20997,-0.89602
1.59958E+15,2,-16.48,-53.34635,-3.17392
1.59958E+15,1,-0.61623,0.22803,-0.85403
1.59958E+15,2,-17.1514,-60.12146,-4.69985
1.59958E+15,1,-0.46535,0.19581,-0.79299
1.59958E+15,2,-15.38133,-58.47346,-4.944
1.59958E+15,1,-0.36525,0.1836,-0.80374
1.59958E+15,2,-16.11377,-57.00858,-5.49333
1.59958E+15,1,-0.49513,0.18067,-0.8052
1.59958E+15,2,-16.29688,-54.87228,-4.15052
1.59958E+15,1,-0.58937,0.21876,-0.85305
1.59958E+15,2,-15.56444,-54.13984,-3.72326
1.59958E+15,1,-0.6343,0.23487,-0.84085
1.59958E+15,2,-16.23585,-57.86309,-3.7843
1.59958E+15,1,-0.49171,0.22217,-0.7969
1.59958E+15,2,-13.48918,-56.15406,-4.39467
1.59958E+15,1,-0.45558,0.20557,-0.79788
1.59958E+15,2,-14.77096,-53.89569,-4.39467
1.59958E+15,1,-0.51564,0.18702,-0.77541
1.59958E+15,2,-15.38133,-50.23347,-3.66222
1.59958E+15,1,-0.61184,0.20948,-0.79788
1.59958E+15,2,-14.64888,-50.84384,-3.17392
1.59958E+15,1,-0.6343,0.22266,-0.79348
1.59958E+15,2,-15.01511,-53.65154,-3.47911
1.59958E+15,1,-0.57131,0.2295,-0.77248
1.59958E+15,2,-14.64888,-56.21509,-4.21155
1.59958E+15,1,-0.51808,0.2212,-0.78127
1.59958E+15,2,-14.89303,-55.36058,-4.4557
1.59958E+15,1,-0.5591,0.20606,-0.74123
1.59958E+15,2,-16.29688,-54.44502,-4.57778
1.59958E+15,1,-0.64602,0.21387,-0.7759
1.59958E+15,2,-16.48,-54.26191,-4.21155
1.59958E+15,1,-0.69924,0.23438,-0.76028
1.59958E+15,2,-15.9917,-56.58132,-3.96741
1.59958E+15,1,-0.64113,0.24415,-0.76077
1.59958E+15,2,-15.62548,-58.10724,-4.21155
1.59958E+15,1,-0.5591,0.23048,-0.71438
1.59958E+15,2,-16.23585,-58.16828,-4.4557
1.59958E+15,1,-0.57424,0.21485,-0.71584
1.59958E+15,2,-16.66311,-54.50606,-3.96741
1.59958E+15,1,-0.65822,0.23048,-0.71975
1.59958E+15,2,-15.5034,-54.99435,-3.84533
1.59958E+15,1,-0.70363,0.24073,-0.73537
1.59958E+15,2,-15.62548,-55.60472,-3.84533
1.59958E+15,1,-0.62648,0.24464,-0.69826
1.59958E+15,2,-14.64888,-56.82546,-4.57778
1.59958E+15,1,-0.59426,0.23682,-0.7134
1.59958E+15,2,-15.32029,-54.99435,-4.51674
1.59958E+15,1,-0.60598,0.22169,-0.67092
1.59958E+15,2,-15.9917,-52.9191,-4.57778
1.59958E+15,1,-0.70022,0.22608,-0.70315
1.59958E+15,2,-15.13718,-50.23347,-3.90637
1.59958E+15,1,-0.74856,0.2378,-0.69582
1.59958E+15,2,-15.32029,-52.24769,-3.7843
1.59958E+15,1,-0.76125,0.25831,-0.70803
1.59958E+15,2,-14.70992,-56.76443,-4.08948
1.59958E+15,1,-0.67238,0.26417,-0.70217
1.59958E+15,2,-15.13718,-58.71761,-4.51674
1.59958E+15,1,-0.63088,0.24708,-0.66018
1.59958E+15,2,-17.45659,-59.99939,-4.63881
1.59958E+15,1,-0.68313,0.22999,-0.63234
1.59958E+15,2,-17.51762,-58.22932,-4.82192
1.59958E+15,1,-0.76272,0.24171,-0.63234
1.59958E+15,2,-17.1514,-57.25272,-4.27259
1.59958E+15,1,-0.70363,0.25147,-0.64699
1.59958E+15,2,-16.11377,-59.0228,-4.944
1.59958E+15,1,-0.64016,0.24122,-0.62551
1.59958E+15,2,-16.96829,-60.36561,-5.37126
1.59958E+15,1,-0.71535,0.23341,-0.61965
1.59958E+15,2,-17.88385,-57.06961,-4.88296
1.59958E+15,1,-0.79543,0.24854,-0.61086
1.59958E+15,2,-16.35792,-57.19169,-4.4557
1.59958E+15,1,-0.77102,0.26612,-0.63576
1.59958E+15,2,-15.19822,-57.43583,-4.63881
1.59958E+15,1,-0.69143,0.26417,-0.59621
1.59958E+15,2,-15.13718,-57.06961,-4.88296
1.59958E+15,1,-0.70412,0.25001,-0.59572
1.59958E+15,2,-16.17481,-54.50606,-4.69985
1.59958E+15,1,-0.76125,0.23731,-0.55666
1.59958E+15,2,-16.11377,-52.4308,-4.33363
1.59958E+15,1,-0.82571,0.25294,-0.57131
1.59958E+15,2,-14.95407,-53.22428,-3.72326
1.59958E+15,1,-0.79299,0.26368,-0.5547
1.59958E+15,2,-13.8554,-54.38398,-4.08948
1.59958E+15,1,-0.74221,0.27491,-0.57179
1.59958E+15,2,-14.64888,-55.2385,-4.08948
1.59958E+15,1,-0.73733,0.26661,-0.55763
1.59958E+15,2,-16.05274,-55.36058,-4.51674
1.59958E+15,1,-0.7842,0.25587,-0.55617
1.59958E+15,2,-17.21244,-54.56709,-4.82192
1.59958E+15,1,-0.83547,0.25684,-0.5342
1.59958E+15,2,-16.05274,-56.21509,-5.00504
1.59958E+15,1,-0.79055,0.24464,-0.43947
1.59958E+15,2,-12.39051,-44.74013,-3.41807
1.59958E+15,1,-0.72268,0.22901,-0.3423
1.59958E+15,2,-6.89718,-27.40562,-2.07526
1.59958E+15,1,-0.72268,0.23585,-0.35206
1.59958E+15,2,-3.96741,-13.30607,-0.97659
1.59958E+15,1,-0.7637,0.23634,-0.38087
1.59958E+15,2,1.22074,4.4557,0.36622
1.59958E+15,1,-0.79153,0.2588,-0.47365
1.59958E+15,2,5.24918,15.68651,1.1597
1.59958E+15,1,-0.78713,0.25391,-0.48244
1.59958E+15,2,5.92059,22.21747,2.01422
1.59958E+15,1,-0.78372,0.24512,-0.41798
1.59958E+15,2,9.76592,32.77688,2.92978
1.59958E+15,1,-0.73684,0.23634,-0.38282
1.59958E+15,2,13.48918,45.77776,3.84533
1.59958E+15,1,-0.76565,0.23927,-0.40138
1.59958E+15,2,16.05274,55.84887,4.63881
1.59958E+15,1,-0.81545,0.26026,-0.48439
1.59958E+15,2,18.49422,61.40324,4.82192
1.59958E+15,1,-0.772,0.27882,-0.61232
1.59958E+15,2,18.86044,60.73183,4.21155
1.59958E+15,1,-0.74856,0.27247,-0.58693
1.59958E+15,2,16.72414,59.99939,4.63881
1.59958E+15,1,-0.79348,0.26075,-0.58156
1.59958E+15,2,15.93066,61.28117,4.4557
1.59958E+15,1,-0.73537,0.25294,-0.56349
1.59958E+15,2,17.27348,61.03702,4.02844
1.59958E+15,1,-0.70168,0.23585,-0.57424
1.59958E+15,2,17.51762,62.01361,4.08948
1.59958E+15,1,-0.77834,0.25489,-0.6509
1.59958E+15,2,17.6397,63.29539,4.57778
1.59958E+15,1,-0.72658,0.25391,-0.66994
1.59958E+15,2,16.90725,57.86309,3.84533
1.59958E+15,1,-0.6758,0.24805,-0.6802
1.59958E+15,2,16.23585,55.90991,3.47911
1.59958E+15,1,-0.72561,0.23731,-0.64016
1.59958E+15,2,14.89303,57.74102,4.33363
1.59958E+15,1,-0.7842,0.2544,-0.68899
1.59958E+15,2,15.62548,54.81124,4.27259
1.59958E+15,1,-0.76174,0.27052,-0.68654
1.59958E+15,2,16.48,53.34635,4.4557
1.59958E+15,1,-0.67531,0.2754,-0.70461
1.59958E+15,2,15.68651,50.90487,3.84533
1.59958E+15,1,-0.64406,0.24805,-0.63186
1.59958E+15,2,14.3437,53.04117,3.90637
1.59958E+15,1,-0.65041,0.22901,-0.63869
1.59958E+15,2,14.28266,55.11643,3.66222
1.59958E+15,1,-0.71145,0.2251,-0.62844
1.59958E+15,2,14.832,55.54369,3.7843
1.59958E+15,1,-0.74465,0.23878,-0.69387
1.59958E+15,2,15.5034,53.77361,3.72326
1.59958E+15,1,-0.69729,0.2544,-0.69436
1.59958E+15,2,15.93066,51.08798,3.54015
1.59958E+15,1,-0.61428,0.24708,-0.70656
1.59958E+15,2,14.64888,49.31791,2.92978
1.59958E+15,1,-0.6006,0.22217,-0.64064
1.59958E+15,2,14.95407,55.60472,3.72326
1.59958E+15,1,-0.67043,0.22413,-0.66359
1.59958E+15,2,16.54103,58.77865,3.96741
1.59958E+15,1,-0.72024,0.24854,-0.71731
1.59958E+15,2,17.27348,59.87732,4.21155
1.59958E+15,1,-0.6382,0.24561,-0.73782
1.59958E+15,2,16.90725,58.04621,3.90637
1.59958E+15,1,-0.59279,0.23048,-0.73147
1.59958E+15,2,16.78518,57.92413,3.72326
1.59958E+15,1,-0.59914,0.21339,-0.68752
1.59958E+15,2,16.66311,60.36561,3.96741
1.59958E+15,1,-0.66604,0.23145,-0.74075
1.59958E+15,2,17.33451,58.83969,3.90637
1.59958E+15,1,-0.63771,0.23585,-0.77053
1.59958E+15,2,17.39555,56.94754,3.72326
1.59958E+15,1,-0.53322,0.22657,-0.81838
1.59958E+15,2,16.60207,53.5905,3.296
1.59958E+15,1,-0.52052,0.21143,-0.78957
1.59958E+15,2,14.70992,53.34635,3.23496
1.59958E+15,1,-0.57814,0.20411,-0.80618
1.59958E+15,2,13.97748,52.24769,3.296
1.59958E+15,1,-0.64113,0.20557,-0.76467
1.59958E+15,2,14.46577,52.00354,3.72326
1.59958E+15,1,-0.64016,0.2212,-0.80032
1.59958E+15,2,16.35792,53.22428,3.84533
1.59958E+15,1,-0.54982,0.22999,-0.79397
1.59958E+15,2,15.9917,51.02695,3.23496
1.59958E+15,1,-0.46632,0.21046,-0.81399
1.59958E+15,2,15.13718,50.17243,2.38044
1.59958E+15,1,-0.47707,0.2002,-0.77346
1.59958E+15,2,14.28266,53.77361,2.99081
1.59958E+15,1,-0.56056,0.19385,-0.77688
1.59958E+15,2,13.73333,53.95672,3.23496
1.59958E+15,1,-0.63478,0.20997,-0.76028
1.59958E+15,2,15.01511,55.90991,3.66222
1.59958E+15,1,-0.57424,0.21436,-0.8052
1.59958E+15,2,16.35792,54.26191,3.296
1.59958E+15,1,-0.47511,0.21143,-0.81057
1.59958E+15,2,16.96829,54.20087,3.35704
1.59958E+15,1,-0.40187,0.18702,-0.81399
1.59958E+15,2,16.05274,55.90991,3.17392
1.59958E+15,1,-0.51466,0.2002,-0.8301
1.59958E+15,2,16.54103,58.22932,4.27259
1.59958E+15,1,-0.57033,0.21046,-0.82669
1.59958E+15,2,16.11377,58.96176,4.76089
1.59958E+15,1,-0.53615,0.21436,-0.84329
1.59958E+15,2,16.96829,57.31376,4.39467
1.59958E+15,1,-0.43361,0.19971,-0.85501
1.59958E+15,2,16.48,55.42161,3.7843
1.59958E+15,1,-0.32862,0.17823,-0.876
1.59958E+15,2,15.86962,54.13984,3.11289
1.59958E+15,1,-0.36525,0.18116,-0.87454
1.59958E+15,2,14.40474,53.28532,2.99081
1.59958E+15,1,-0.48878,0.20069,-0.89602
1.59958E+15,2,14.46577,54.50606,3.296
1.59958E+15,1,-0.55129,0.21436,-0.89065
1.59958E+15,2,13.73333,52.61391,3.05185
1.59958E+15,1,-0.51027,0.19727,-0.89651
1.59958E+15,2,15.32029,52.79702,2.86874
1.59958E+15,1,-0.35792,0.16651,-0.85891
1.59958E+15,2,16.35792,53.83465,2.99081
1.59958E+15,1,-0.34132,0.16553,-0.88919
1.59958E+15,2,16.05274,54.62813,2.92978
1.59958E+15,1,-0.44288,0.1792,-0.89016
1.59958E+15,2,15.93066,57.67998,3.60118
1.59958E+15,1,-0.50832,0.20215,-0.93069
1.59958E+15,2,15.56444,57.80206,4.27259
1.59958E+15,1,-0.44874,0.18116,-0.85403
1.59958E+15,2,15.56444,57.06961,3.84533
1.59958E+15,1,-0.2505,0.13965,-0.84622
1.59958E+15,2,16.35792,55.90991,3.17392
1.59958E+15,1,-0.27686,0.14454,-0.85647
1.59958E+15,2,17.33451,57.49687,2.99081
1.59958E+15,1,-0.40236,0.17432,-0.94388
1.59958E+15,2,16.84622,58.16828,3.47911
1.59958E+15,1,-0.44874,0.1919,-0.94778
1.59958E+15,2,15.80859,54.75021,4.08948
1.59958E+15,1,-0.37501,0.16749,-0.91946
1.59958E+15,2,15.07614,51.21006,3.66222
1.59958E+15,1,-0.26466,0.14502,-0.88577
1.59958E+15,2,16.29688,53.40739,3.05185
1.59958E+15,1,-0.32081,0.14258,-0.90335
1.59958E+15,2,16.29688,55.54369,3.17392
1.59958E+15,1,-0.39796,0.17823,-0.9556
1.59958E+15,2,17.02933,57.86309,3.7843
1.59958E+15,1,-0.35499,0.16846,-0.94436
1.59958E+15,2,15.5034,54.93332,3.11289
1.59958E+15,1,-0.25977,0.14454,-0.92825
1.59958E+15,2,16.23585,55.7268,2.99081
1.59958E+15,1,-0.16895,0.11231,-0.88186
1.59958E+15,2,16.54103,56.8865,2.62459
1.59958E+15,1,-0.23048,0.12891,-0.95022
1.59958E+15,2,17.02933,56.39821,2.50252
1.59958E+15,1,-0.32521,0.14893,-0.96048
1.59958E+15,2,16.66311,57.3748,3.47911
1.59958E+15,1,-0.26661,0.14844,-0.97415
1.59958E+15,2,16.17481,55.54369,3.47911
1.59958E+15,1,-0.24219,0.1294,-0.92581
1.59958E+15,2,16.60207,57.19169,3.296
1.59958E+15,1,-0.23585,0.12598,-0.96585
1.59958E+15,2,17.82281,60.36561,3.7843
1.59958E+15,1,-0.29688,0.15723,-0.99857
1.59958E+15,2,16.90725,59.26695,4.21155
1.59958E+15,1,-0.3047,0.16309,-1.01566
1.59958E+15,2,15.01511,57.13065,4.82192
1.59958E+15,1,-0.16602,0.13672,-0.96146
1.59958E+15,2,15.9917,56.52028,3.66222
1.59958E+15,1,-0.23243,0.12061,-0.95413
1.59958E+15,2,17.94488,56.09302,3.60118
1.59958E+15,1,-0.28468,0.1543,-1.01321
1.59958E+15,2,16.54103,56.8865,3.90637
1.59958E+15,1,-0.20362,0.13038,-0.95071
1.59958E+15,2,15.93066,54.13984,3.84533
1.59958E+15,1,-0.15381,0.11621,-0.94778
1.59958E+15,2,16.23585,55.36058,3.41807
1.59958E+15,1,-0.12696,0.09668,-0.91214
1.59958E+15,2,17.21244,58.47346,3.05185
1.59958E+15,1,-0.18409,0.11231,-0.98636
1.59958E+15,2,17.88385,58.5345,3.90637
1.59958E+15,1,-0.19434,0.12256,-0.97806
1.59958E+15,2,17.33451,59.32798,4.33363
1.59958E+15,1,-0.02149,0.07276,-0.93362
1.59958E+15,2,17.02933,58.96176,3.41807
1.59958E+15,1,-0.06201,0.07422,-0.94534
1.59958E+15,2,18.31111,59.32798,2.99081
1.59958E+15,1,-0.14014,0.09326,-1.00735
1.59958E+15,2,16.35792,59.08383,3.47911
1.59958E+15,1,-0.12207,0.10352,-1.0264
1.59958E+15,2,16.23585,56.45924,3.96741
1.59958E+15,1,-0.08545,0.08106,-0.97122
1.59958E+15,2,16.11377,56.15406,2.92978
1.59958E+15,1,-0.06934,0.08692,-0.99612
1.59958E+15,2,18.43318,59.45006,3.54015
1.59958E+15,1,-0.1001,0.1128,-1.01761
1.59958E+15,2,15.68651,56.15406,3.47911
1.59958E+15,1,-0.17432,0.10743,-1.06058
1.59958E+15,2,16.35792,57.06961,3.96741
1.59958E+15,1,-0.0791,0.1084,-1.01321
1.59958E+15,2,17.27348,56.8865,4.33363
1.59958E+15,1,-0.06543,0.07862,-0.99661
1.59958E+15,2,17.09037,56.82546,4.21155
1.59958E+15,1,-0.1211,0.11524,-1.01614
1.59958E+15,2,14.89303,59.26695,5.31022
1.59958E+15,1,-0.04151,0.09326,-0.99564
1.59958E+15,2,15.68651,57.31376,4.02844
1.59958E+15,1,-0.02979,0.06592,-0.96927
1.59958E+15,2,18.25007,59.63317,4.39467
1.59958E+15,1,-0.08252,0.09668,-1.07669
1.59958E+15,2,14.46577,53.71258,3.90637
1.59958E+15,1,-0.01563,0.09082,-1.13236
1.59958E+15,2,10.5594,38.20917,3.35704
1.59958E+15,1,0.00879,0.08301,-1.16068
1.59958E+15,2,6.22578,20.81362,1.89215
1.59958E+15,1,-0.02686,0.0791,-1.1265
1.59958E+15,2,0.18311,0.61037,-0.12207
1.59958E+15,1,-0.05567,0.08594,-1.07035
1.59958E+15,2,-3.7843,-12.14637,-1.1597
1.59958E+15,1,-0.04688,0.08643,-1.05765
1.59958E+15,2,-7.32444,-22.76681,-1.89215
1.59958E+15,1,-0.04785,0.08643,-1.08646
1.59958E+15,2,-10.49837,-34.48592,-2.68563
1.59958E+15,1,-0.0791,0.10108,-1.15336
1.59958E+15,2,-13.91644,-45.10636,-3.66222
1.59958E+15,1,-0.16358,0.13184,-1.16019
1.59958E+15,2,-16.54103,-54.26191,-4.02844
1.59958E+15,1,-0.10303,0.10791,-1.07962
1.59958E+15,2,-19.2877,-59.81628,-3.41807
1.59958E+15,1,-0.06348,0.08838,-0.98343
1.59958E+15,2,-19.04355,-61.15909,-2.56355
1.59958E+15,1,0.00732,0.0752,-0.98392
1.59958E+15,2,-17.45659,-60.91494,-2.74667
1.59958E+15,1,-0.04053,0.09473,-1.01761
1.59958E+15,2,-18.43318,-63.78368,-3.17392
1.59958E+15,1,-0.12891,0.12061,-1.06302
1.59958E+15,2,-19.59288,-66.7745,-3.54015
1.59958E+15,1,-0.14698,0.11621,-1.05033
1.59958E+15,2,-20.56948,-66.89657,-3.54015
1.59958E+15,1,-0.08155,0.1045,-0.95804
1.59958E+15,2,-21.91229,-67.07968,-4.21155
1.59958E+15,1,-0.09375,0.09326,-0.96097
1.59958E+15,2,-20.08118,-66.71346,-3.23496
1.59958E+15,1,-0.17774,0.11182,-0.9805
1.59958E+15,2,-20.02014,-64.08887,-3.23496
1.59958E+15,1,-0.12403,0.11328,-0.9556
1.59958E+15,2,-17.76177,-62.19672,-4.02844
1.59958E+15,1,-0.12647,0.10401,-0.96292
1.59958E+15,2,-17.70074,-59.32798,-4.21155
1.59958E+15,1,-0.26661,0.14258,-1.00296
1.59958E+15,2,-17.02933,-57.61895,-3.23496
1.59958E+15,1,-0.17188,0.11133,-0.9805
1.59958E+15,2,-18.12799,-56.82546,-3.23496
1.59958E+15,1,-0.11817,0.09522,-0.91458
1.59958E+15,2,-15.74755,-56.03198,-2.86874
1.59958E+15,1,-0.14649,0.12012,-0.9678
1.59958E+15,2,-14.40474,-53.22428,-2.86874
1.59958E+15,1,-0.20655,0.13428,-0.98148
1.59958E+15,2,-15.56444,-53.34635,-3.47911
1.59958E+15,1,-0.271,0.13379,-1.01224
1.59958E+15,2,-16.11377,-54.44502,-3.17392
1.59958E+15,1,-0.15284,0.1084,-0.9512
1.59958E+15,2,-16.17481,-55.2385,-3.60118
1.59958E+15,1,-0.11377,0.11914,-0.9722
1.59958E+15,2,-16.05274,-57.55791,-4.21155
1.59958E+15,1,-0.2168,0.14063,-1.00491
1.59958E+15,2,-17.21244,-57.98517,-4.33363
1.59958E+15,1,-0.23194,0.13672,-0.97659
1.59958E+15,2,-19.2877,-62.56294,-4.4557
1.59958E+15,1,-0.17969,0.125,-0.92923
1.59958E+15,2,-17.6397,-63.05124,-5.12711
1.59958E+15,1,-0.17823,0.12989,-0.89798
1.59958E+15,2,-15.9917,-59.63317,-5.12711
1.59958E+15,1,-0.23341,0.14454,-0.94827
1.59958E+15,2,-16.54103,-57.49687,-4.57778
1.59958E+15,1,-0.32814,0.1587,-0.95657
1.59958E+15,2,-16.41896,-57.98517,-4.21155
1.59958E+15,1,-0.24561,0.14014,-0.94925
1.59958E+15,2,-15.93066,-58.47346,-4.33363
1.59958E+15,1,-0.25782,0.146,-0.92581
1.59958E+15,2,-15.13718,-58.16828,-3.84533
1.59958E+15,1,-0.36818,0.16846,-0.95462
1.59958E+15,2,-17.1514,-56.21509,-3.60118
1.59958E+15,1,-0.38673,0.15577,-0.91995
1.59958E+15,2,-16.48,-55.29954,-3.296
1.59958E+15,1,-0.36866,0.15821,-0.9097
1.59958E+15,2,-15.07614,-56.82546,-3.05185
1.59958E+15,1,-0.27979,0.14551,-0.9053
1.59958E+15,2,-15.38133,-53.89569,-3.90637
1.59958E+15,1,-0.32911,0.16065,-0.93216
1.59958E+15,2,-17.02933,-55.7268,-3.47911
1.59958E+15,1,-0.40968,0.17676,-0.92532
1.59958E+15,2,-16.41896,-54.87228,-3.84533
1.59958E+15,1,-0.31788,0.15723,-0.88968
1.59958E+15,2,-16.11377,-58.10724,-4.33363
1.59958E+15,1,-0.25636,0.15284,-0.8804
1.59958E+15,2,-16.29688,-58.65658,-4.76089
1.59958E+15,1,-0.34132,0.16358,-0.91067
1.59958E+15,2,-16.66311,-55.42161,-4.39467
1.59958E+15,1,-0.44777,0.18702,-0.94925
1.59958E+15,2,-18.18903,-58.83969,-4.33363
1.59958E+15,1,-0.44191,0.18311,-0.89358
1.59958E+15,2,-15.74755,-61.09806,-4.76089
1.59958E+15,1,-0.29005,0.17432,-0.88919
1.59958E+15,2,-14.89303,-59.93835,-4.51674
1.59958E+15,1,-0.3296,0.16651,-0.85208
1.59958E+15,2,-15.25925,-55.05539,-4.39467
1.59958E+15,1,-0.51271,0.19532,-0.93167
1.59958E+15,2,-15.86962,-51.2711,-3.17392
1.59958E+15,1,-0.55812,0.20557,-0.91604
1.59958E+15,2,-16.60207,-56.03198,-3.96741
1.59958E+15,1,-0.45997,0.19337,-0.89212
1.59958E+15,2,-14.70992,-58.41243,-3.96741
1.59958E+15,1,-0.30519,0.16993,-0.82669
1.59958E+15,2,-14.64888,-56.21509,-4.15052
1.59958E+15,1,-0.40333,0.17383,-0.82522
1.59958E+15,2,-16.54103,-53.10221,-4.02844
1.59958E+15,1,-0.5674,0.20557,-0.87454
1.59958E+15,2,-16.48,-52.55287,-3.90637
1.59958E+15,1,-0.56545,0.21241,-0.87307
1.59958E+15,2,-15.86962,-57.13065,-4.51674
1.59958E+15,1,-0.41603,0.19776,-0.85891
1.59958E+15,2,-15.13718,-60.42665,-5.31022
1.59958E+15,1,-0.35011,0.18506,-0.81692
1.59958E+15,2,-16.41896,-58.65658,-5.18815
1.59958E+15,1,-0.4756,0.19825,-0.8384
1.59958E+15,2,-17.09037,-54.99435,-4.63881
1.59958E+15,1,-0.63771,0.22364,-0.83645
1.59958E+15,2,-16.72414,-54.68917,-4.15052
1.59958E+15,1,-0.5674,0.21632,-0.84524
1.59958E+15,2,-15.80859,-56.64235,-4.39467
1.59958E+15,1,-0.45656,0.19727,-0.80374
1.59958E+15,2,-15.62548,-57.43583,-4.63881
1.59958E+15,1,-0.41115,0.17725,-0.80227
1.59958E+15,2,-16.05274,-53.46843,-4.02844
1.59958E+15,1,-0.51808,0.19288,-0.78372
1.59958E+15,2,-15.80859,-52.9191,-3.66222
1.59958E+15,1,-0.62795,0.21339,-0.82522
1.59958E+15,2,-15.74755,-53.04117,-3.84533
1.59958E+15,1,-0.60207,0.22706,-0.81497
1.59958E+15,2,-14.28266,-55.2385,-3.96741
1.59958E+15,1,-0.53224,0.22755,-0.81985
1.59958E+15,2,-14.3437,-54.87228,-3.96741
1.59958E+15,1,-0.48146,0.2251,-0.79104
1.59958E+15,2,-14.77096,-54.20087,-4.08948
1.59958E+15,1,-0.54396,0.21924,-0.80227
1.59958E+15,2,-16.05274,-52.9191,-4.15052
1.59958E+15,1,-0.62746,0.21924,-0.77932
1.59958E+15,2,-15.68651,-52.12561,-3.96741
1.59958E+15,1,-0.65725,0.23194,-0.79055
1.59958E+15,2,-15.80859,-54.87228,-3.90637
1.59958E+15,1,-0.60109,0.23878,-0.76614
1.59958E+15,2,-15.38133,-57.86309,-4.51674
1.59958E+15,1,-0.53224,0.22755,-0.75832
1.59958E+15,2,-16.29688,-58.04621,-4.63881
1.59958E+15,1,-0.54054,0.21143,-0.72561
1.59958E+15,2,-16.84622,-56.76443,-4.76089
1.59958E+15,1,-0.65529,0.21583,-0.72805
1.59958E+15,2,-16.90725,-55.48265,-4.27259
1.59958E+15,1,-0.69143,0.23194,-0.74563
1.59958E+15,2,-15.9917,-58.04621,-4.51674
1.59958E+15,1,-0.64846,0.24219,-0.7427
1.59958E+15,2,-15.38133,-59.20591,-4.4557
1.59958E+15,1,-0.56301,0.23438,-0.73196
1.59958E+15,2,-16.05274,-57.3748,-4.57778
1.59958E+15,1,-0.6133,0.22022,-0.68947
1.59958E+15,2,-16.54103,-54.01776,-4.27259
1.59958E+15,1,-0.69582,0.22803,-0.7007
1.59958E+15,2,-15.5034,-51.08798,-3.7843
1.59958E+15,1,-0.71682,0.24122,-0.70315
1.59958E+15,2,-14.89303,-53.65154,-4.02844
1.59958E+15,1,-0.67287,0.25196,-0.72414
1.59958E+15,2,-14.03851,-53.71258,-4.02844
1.59958E+15,1,-0.61135,0.24952,-0.70119
1.59958E+15,2,-15.25925,-55.54369,-4.39467
1.59958E+15,1,-0.61086,0.23048,-0.6968
1.59958E+15,2,-16.35792,-55.97095,-4.76089
1.59958E+15,1,-0.67971,0.22071,-0.65871
1.59958E+15,2,-16.96829,-55.78784,-4.76089
1.59958E+15,1,-0.7637,0.23731,-0.69338
1.59958E+15,2,-16.66311,-57.3748,-4.57778
1.59958E+15,1,-0.73782,0.25684,-0.67238
1.59958E+15,2,-16.23585,-60.42665,-4.76089
1.59958E+15,1,-0.65773,0.25684,-0.67727
1.59958E+15,2,-16.96829,-60.73183,-4.82192
1.59958E+15,1,-0.67483,0.24268,-0.61428
1.59958E+15,2,-17.27348,-57.00858,-4.57778
1.59958E+15,1,-0.80422,0.25831,-0.64455
1.59958E+15,2,-16.72414,-54.56709,-3.96741
1.59958E+15,1,-0.76272,0.271,-0.65481
1.59958E+15,2,-16.05274,-58.65658,-4.944
1.59958E+15,1,-0.69875,0.26807,-0.64895
1.59958E+15,2,-16.11377,-59.81628,-4.944
1.59958E+15,1,-0.67434,0.24024,-0.57961
1.59958E+15,2,-17.33451,-56.21509,-4.76089
1.59958E+15,1,-0.7637,0.23438,-0.55226
1.59958E+15,2,-17.02933,-54.75021,-4.27259
1.59958E+15,1,-0.8052,0.24561,-0.56496
1.59958E+15,2,-15.5034,-53.89569,-4.15052
1.59958E+15,1,-0.78225,0.2671,-0.59426
1.59958E+15,2,-14.3437,-55.84887,-4.4557
1.59958E+15,1,-0.72463,0.26954,-0.61135
1.59958E+15,2,-14.3437,-55.36058,-4.4557
1.59958E+15,1,-0.71926,0.25343,-0.5591
1.59958E+15,2,-15.62548,-53.10221,-3.96741
1.59958E+15,1,-0.77737,0.2505,-0.55422
1.59958E+15,2,-15.93066,-52.00354,-3.84533
1.59958E+15,1,-0.83596,0.25684,-0.5425
1.59958E+15,2,-15.74755,-52.61391,-3.90637
1.59958E+15,1,-0.81399,0.27442,-0.59328
1.59958E+15,2,-15.01511,-55.54369,-4.39467
1.59958E+15,1,-0.77151,0.27979,-0.56984
1.59958E+15,2,-15.44237,-57.74102,-5.06607
1.59958E+15,1,-0.70901,0.24512,-0.50099
1.59958E+15,2,-16.66311,-55.36058,-4.82192
1.59958E+15,1,-0.73586,0.22315,-0.36183
1.59958E+15,2,-11.84118,-38.69747,-3.296
1.59958E+15,1,-0.7261,0.22901,-0.3628
1.59958E+15,2,-6.46992,-22.0954,-2.1363
1.59958E+15,1,-0.72073,0.22608,-0.34181
1.59958E+15,2,-1.03763,-4.51674,-0.85452
1.59958E+15,1,-0.7676,0.23731,-0.39405
1.59958E+15,2,5.31022,12.2074,0.30519
1.59958E+15,1,-0.78323,0.25636,-0.48634
1.59958E+15,2,7.01926,20.9357,1.58696
1.59958E+15,1,-0.79348,0.24464,-0.44777
1.59958E+15,2,8.66726,29.90814,2.8077
1.59958E+15,1,-0.751,0.2461,-0.41652
1.59958E+15,2,12.2074,38.69747,3.35704
1.59958E+15,1,-0.73733,0.25001,-0.4087
1.59958E+15,2,14.70992,49.1348,3.96741
1.59958E+15,1,-0.70803,0.24366,-0.46632
1.59958E+15,2,16.54103,57.43583,4.27259
1.59958E+15,1,-0.77639,0.24659,-0.51076
1.59958E+15,2,18.37214,63.60057,4.57778
1.59958E+15,1,-0.83938,0.25733,-0.57961
1.59958E+15,2,17.94488,63.05124,4.76089
1.59958E+15,1,-0.77688,0.26856,-0.59914
1.59958E+15,2,17.51762,59.38902,4.27259
1.59958E+15,1,-0.73147,0.24512,-0.54592
1.59958E+15,2,16.96829,59.93835,4.27259
1.59958E+15,1,-0.79446,0.25343,-0.57375
1.59958E+15,2,18.00592,63.23435,4.76089
1.59958E+15,1,-0.73098,0.24854,-0.60353
1.59958E+15,2,18.18903,62.37983,4.63881
1.59958E+15,1,-0.72024,0.2505,-0.65676
1.59958E+15,2,17.21244,60.42665,4.33363
1.59958E+15,1,-0.79983,0.25977,-0.65773
1.59958E+15,2,17.27348,61.15909,4.69985
1.59958E+15,1,-0.76809,0.26319,-0.6758
1.59958E+15,2,16.84622,56.8865,4.39467
1.59958E+15,1,-0.67922,0.25294,-0.66408
1.59958E+15,2,16.11377,54.0788,4.21155
1.59958E+15,1,-0.63869,0.23341,-0.64602
1.59958E+15,2,14.95407,53.16324,4.02844
1.59958E+15,1,-0.69533,0.22852,-0.6426
1.59958E+15,2,14.58785,54.0788,4.21155
1.59958E+15,1,-0.7383,0.2461,-0.65822
1.59958E+15,2,15.25925,53.22428,4.39467
1.59958E+15,1,-0.73391,0.26026,-0.67824
1.59958E+15,2,16.23585,51.69836,3.96741
1.59958E+15,1,-0.69582,0.26466,-0.69045
1.59958E+15,2,15.9917,52.06458,3.54015
1.59958E+15,1,-0.64162,0.24854,-0.7007
1.59958E+15,2,14.52681,52.98013,3.35704
1.59958E+15,1,-0.64797,0.23096,-0.66359
1.59958E+15,2,14.58785,53.89569,3.66222
1.59958E+15,1,-0.71291,0.23682,-0.67141
1.59958E+15,2,15.01511,55.29954,3.96741
1.59958E+15,1,-0.72219,0.23731,-0.64699
1.59958E+15,2,15.25925,53.95672,4.02844
1.59958E+15,1,-0.67385,0.24708,-0.67238
1.59958E+15,2,17.21244,55.29954,4.08948
1.59958E+15,1,-0.59035,0.2295,-0.6509
1.59958E+15,2,17.39555,57.80206,4.02844
1.59958E+15,1,-0.59914,0.23243,-0.71242
1.59958E+15,2,16.66311,59.20591,4.02844
1.59958E+15,1,-0.68361,0.24561,-0.73586
1.59958E+15,2,16.72414,60.6708,4.02844
1.59958E+15,1,-0.64602,0.25391,-0.77688
1.59958E+15,2,16.72414,56.64235,3.296
1.59958E+15,1,-0.60012,0.23731,-0.74026
1.59958E+15,2,16.78518,57.06961,3.11289
1.59958E+15,1,-0.54396,0.21094,-0.75637
1.59958E+15,2,15.62548,57.06961,2.92978
1.59958E+15,1,-0.63381,0.21094,-0.77541
1.59958E+15,2,16.17481,58.96176,3.72326
1.59958E+15,1,-0.67776,0.22413,-0.82229
1.59958E+15,2,16.17481,56.70339,4.15052
1.59958E+15,1,-0.64406,0.23585,-0.81985
1.59958E+15,2,15.68651,51.75939,3.7843
1.59958E+15,1,-0.53615,0.22559,-0.79836
1.59958E+15,2,14.89303,48.15821,3.17392
1.59958E+15,1,-0.47414,0.21387,-0.7676
1.59958E+15,2,14.89303,50.90487,3.05185
1.59958E+15,1,-0.51564,0.20948,-0.77102
1.59958E+15,2,14.09955,52.49184,2.8077
1.59958E+15,1,-0.62062,0.21973,-0.81008
1.59958E+15,2,14.3437,54.62813,2.86874
1.59958E+15,1,-0.64016,0.22413,-0.82815
1.59958E+15,2,14.64888,51.45421,3.05185
1.59958E+15,1,-0.58254,0.23096,-0.82229
1.59958E+15,2,15.5034,50.66073,3.23496
1.59958E+15,1,-0.4463,0.20508,-0.76125
1.59958E+15,2,15.38133,51.88147,2.99081
1.59958E+15,1,-0.46437,0.19678,-0.76516
1.59958E+15,2,15.44237,57.06961,2.92978
1.59958E+15,1,-0.55959,0.19044,-0.78127
1.59958E+15,2,15.38133,61.22013,3.90637
1.59958E+15,1,-0.64699,0.21534,-0.86135
1.59958E+15,2,15.32029,57.92413,4.27259
1.59958E+15,1,-0.58058,0.20362,-0.82766
1.59958E+15,2,15.38133,54.38398,4.08948
1.59958E+15,1,-0.42042,0.18946,-0.81692
1.59958E+15,2,15.86962,53.71258,3.96741
1.59958E+15,1,-0.42091,0.18409,-0.77786
1.59958E+15,2,16.11377,57.25272,3.96741
1.59958E+15,1,-0.47414,0.20167,-0.85794
1.59958E+15,2,15.9917,59.38902,4.08948
1.59958E+15,1,-0.5923,0.21973,-0.90872
1.59958E+15,2,15.13718,56.64235,4.02844
1.59958E+15,1,-0.58205,0.21778,-0.94876
1.59958E+15,2,14.832,52.18665,3.7843
1.59958E+15,1,-0.45021,0.18751,-0.86233
1.59958E+15,2,15.01511,49.68413,3.35704
1.59958E+15,1,-0.33644,0.16846,-0.82571
1.59958E+15,2,15.86962,51.21006,2.92978
1.59958E+15,1,-0.29981,0.16944,-0.81448
1.59958E+15,2,16.23585,55.05539,2.19733
1.59958E+15,1,-0.40724,0.17774,-0.89114
1.59958E+15,2,15.80859,56.52028,2.31941
1.59958E+15,1,-0.51906,0.20362,-0.93313
1.59958E+15,2,15.5034,56.21509,3.41807
1.59958E+15,1,-0.41408,0.17823,-0.91018
1.59958E+15,2,14.89303,50.53865,3.11289
1.59958E+15,1,-0.28614,0.15674,-0.84085
1.59958E+15,2,16.05274,50.53865,2.99081
1.59958E+15,1,-0.28126,0.1626,-0.83792
1.59958E+15,2,17.1514,55.54369,2.56355
1.59958E+15,1,-0.45705,0.20069,-0.92093
1.59958E+15,2,17.45659,58.41243,2.86874
1.59958E+15,1,-0.54299,0.20411,-0.95608
1.59958E+15,2,16.72414,58.04621,4.02844
1.59958E+15,1,-0.40675,0.17823,-0.93997
1.59958E+15,2,16.23585,55.36058,4.21155
1.59958E+15,1,-0.30616,0.14795,-0.86575
1.59958E+15,2,15.86962,54.87228,3.90637
1.59958E+15,1,-0.30616,0.1587,-0.89554
1.59958E+15,2,16.11377,56.58132,3.47911
1.59958E+15,1,-0.38673,0.16895,-0.9097
1.59958E+15,2,15.9917,56.21509,3.296
1.59958E+15,1,-0.39357,0.17432,-0.95267
1.59958E+15,2,15.9917,55.36058,3.47911
1.59958E+15,1,-0.28272,0.14454,-0.88723
1.59958E+15,2,16.54103,53.89569,3.60118
1.59958E+15,1,-0.22803,0.14014,-0.90579
1.59958E+15,2,16.66311,53.65154,2.62459
1.59958E+15,1,-0.29591,0.15332,-0.92874
1.59958E+15,2,17.33451,57.43583,2.38044
1.59958E+15,1,-0.37745,0.167,-0.99808
1.59958E+15,2,16.11377,56.33717,3.296
1.59958E+15,1,-0.37794,0.16749,-0.98733
1.59958E+15,2,15.44237,55.29954,3.60118
1.59958E+15,1,-0.22217,0.12793,-0.94046
1.59958E+15,2,15.44237,55.29954,3.296
1.59958E+15,1,-0.22266,0.13233,-0.93704
1.59958E+15,2,16.78518,57.13065,3.05185
1.59958E+15,1,-0.25977,0.1377,-0.94485
1.59958E+15,2,16.90725,58.90072,3.41807
1.59958E+15,1,-0.24757,0.1333,-0.95511
1.59958E+15,2,17.09037,58.29035,3.72326
1.59958E+15,1,-0.19922,0.11768,-0.92727
1.59958E+15,2,17.21244,58.41243,3.66222
1.59958E+15,1,-0.15137,0.10596,-0.93411
1.59958E+15,2,17.6397,59.93835,3.54015
1.59958E+15,1,-0.23487,0.12647,-0.95315
1.59958E+15,2,17.1514,58.10724,3.96741
1.59958E+15,1,-0.2754,0.1377,-0.99564
1.59958E+15,2,15.25925,55.36058,3.47911
1.59958E+15,1,-0.14258,0.11963,-0.92825
1.59958E+15,2,16.17481,52.98013,3.47911
1.59958E+15,1,-0.14698,0.10205,-0.94046
1.59958E+15,2,16.23585,53.10221,2.56355
1.59958E+15,1,-0.21046,0.12696,-0.96487
1.59958E+15,2,16.66311,56.27613,3.11289
1.59958E+15,1,-0.21241,0.13672,-0.99075
1.59958E+15,2,15.62548,54.68917,3.47911
1.59958E+15,1,-0.18799,0.12305,-0.97073
1.59958E+15,2,15.56444,56.21509,3.35704
1.59958E+15,1,-0.07862,0.09033,-0.92581
1.59958E+15,2,16.72414,58.10724,2.99081
1.59958E+15,1,-0.17042,0.11426,-0.99954
1.59958E+15,2,17.70074,59.51109,3.60118
1.59958E+15,1,-0.24512,0.14454,-1.04007
1.59958E+15,2,17.57866,60.91494,4.57778
1.59958E+15,1,-0.10157,0.125,-1.02542
1.59958E+15,2,17.02933,58.77865,4.21155
1.59958E+15,1,-0.0791,0.08838,-0.95608
1.59958E+15,2,17.88385,59.99939,3.72326
1.59958E+15,1,-0.06494,0.09033,-0.99222
1.59958E+15,2,18.49422,60.24354,4.27259
1.59958E+15,1,-0.10108,0.09668,-0.9761
1.59958E+15,2,18.18903,59.26695,4.88296
1.59958E+15,1,-0.09131,0.08985,-0.99905
1.59958E+15,2,16.84622,57.3748,4.15052
1.59958E+15,1,0.00586,0.05908,-0.95218
1.59958E+15,2,17.76177,57.98517,2.92978
1.59958E+15,1,0.01514,0.04785,-0.9678
1.59958E+15,2,17.39555,54.93332,3.60118
1.59958E+15,1,-0.05664,0.07422,-0.99564
1.59958E+15,2,15.86962,54.13984,3.23496
1.59958E+15,1,-0.01025,0.06201,-0.94876
1.59958E+15,2,16.29688,53.28532,3.41807
1.59958E+15,1,0.0249,0.05127,-0.95999
1.59958E+15,2,16.17481,53.71258,2.74667
1.59958E+15,1,-0.01318,0.05664,-0.95901
1.59958E+15,2,16.54103,58.10724,3.47911
1.59958E+15,1,-0.05811,0.09326,-1.04837
1.59958E+15,2,17.02933,57.43583,4.15052
1.59958E+15,1,-0.12159,0.09326,-1.11234
1.59958E+15,2,12.08533,43.21421,2.86874
1.59958E+15,1,-0.07764,0.10401,-1.19926
1.59958E+15,2,7.56859,27.40562,1.58696
1.59958E+15,1,-0.09717,0.1128,-1.22318
1.59958E+15,2,2.68563,9.3997,0.18311
1.59958E+15,1,-0.04834,0.09033,-1.11283
1.59958E+15,2,-2.01422,-7.01926,-1.09867
1.59958E+15,1,-0.04785,0.08496,-1.05179
1.59958E+15,2,-5.37126,-18.06696,-1.77007
1.59958E+15,1,-0.05127,0.09082,-1.06449
1.59958E+15,2,-8.48415,-27.83288,-2.25837
1.59958E+15,1,0.01318,0.07129,-1.07767
1.59958E+15,2,-11.16977,-37.96503,-2.8077
1.59958E+15,1,0.08252,0.04248,-1.05423
1.59958E+15,2,-13.79437,-49.25687,-3.84533
1.59958E+15,1,0.08789,0.03467,-0.98245
1.59958E+15,2,-17.27348,-60.06043,-5.00504
1.59958E+15,1,0.01416,0.04346,-0.9595
1.59958E+15,2,-16.90725,-61.70843,-4.33363
1.59958E+15,1,-0.07617,0.08008,-1.00931
1.59958E+15,2,-18.55525,-63.66161,-3.41807
1.59958E+15,1,-0.08692,0.09668,-1.02054
1.59958E+15,2,-20.56948,-67.01865,-3.60118
1.59958E+15,1,-0.03613,0.07569,-1.01761
1.59958E+15,2,-19.83703,-65.18754,-3.7843
1.59958E+15,1,-0.00293,0.07471,-0.96829
1.59958E+15,2,-20.32533,-69.70428,-4.15052
1.59958E+15,1,-0.03955,0.0791,-0.94388
1.59958E+15,2,-20.75259,-71.16916,-4.944
1.59958E+15,1,-0.13965,0.08448,-0.97269
1.59958E+15,2,-20.63051,-66.65242,-4.27259
1.59958E+15,1,-0.07764,0.09473,-0.91409
1.59958E+15,2,-19.59288,-63.66161,-3.66222
1.59958E+15,1,-0.08692,0.09522,-0.95315
1.59958E+15,2,-15.93066,-60.85391,-3.60118
1.59958E+15,1,-0.17042,0.12891,-0.9722
1.59958E+15,2,-16.78518,-60.85391,-4.15052
1.59958E+15,1,-0.09619,0.08155,-0.92581
1.59958E+15,2,-17.33451,-58.5345,-4.51674
1.59958E+15,1,-0.07617,0.09033,-0.92044
1.59958E+15,2,-16.17481,-57.61895,-4.15052
1.59958E+15,1,-0.23096,0.12159,-0.98929
1.59958E+15,2,-15.74755,-54.81124,-3.66222
1.59958E+15,1,-0.20167,0.1211,-0.98782
1.59958E+15,2,-15.80859,-54.81124,-2.50252
1.59958E+15,1,-0.16163,0.11719,-0.94534
1.59958E+15,2,-15.56444,-56.8865,-3.17392
1.59958E+15,1,-0.1167,0.10401,-0.94876
1.59958E+15,2,-14.832,-54.32295,-3.96741
1.59958E+15,1,-0.16944,0.13038,-0.97952
1.59958E+15,2,-15.56444,-55.54369,-3.7843
1.59958E+15,1,-0.30519,0.14551,-1.04544
1.59958E+15,2,-16.90725,-56.8865,-3.66222
1.59958E+15,1,-0.25391,0.13428,-0.98489
1.59958E+15,2,-17.09037,-59.81628,-4.4557
1.59958E+15,1,-0.2002,0.1294,-0.98733
1.59958E+15,2,-16.48,-62.62398,-4.69985
1.59958E+15,1,-0.24708,0.14258,-0.96048
1.59958E+15,2,-17.02933,-60.06043,-4.4557
1.59958E+15,1,-0.32032,0.14795,-0.96536
1.59958E+15,2,-18.25007,-58.71761,-4.69985
1.59958E+15,1,-0.29444,0.13477,-0.92093
1.59958E+15,2,-16.84622,-58.71761,-4.76089
1.59958E+15,1,-0.24854,0.12891,-0.92288
1.59958E+15,2,-15.13718,-54.81124,-4.33363
1.59958E+15,1,-0.26563,0.14405,-0.96829
1.59958E+15,2,-16.05274,-55.97095,-4.08948
1.59958E+15,1,-0.36818,0.15381,-0.95901
1.59958E+15,2,-16.78518,-56.76443,-3.72326
1.59958E+15,1,-0.27491,0.15088,-0.9302
1.59958E+15,2,-16.29688,-59.51109,-3.84533
1.59958E+15,1,-0.22022,0.13916,-0.86721
1.59958E+15,2,-15.62548,-60.24354,-4.21155
1.59958E+15,1,-0.26368,0.15479,-0.9136
1.59958E+15,2,-14.77096,-54.56709,-3.47911
1.59958E+15,1,-0.34425,0.17676,-0.93167
1.59958E+15,2,-15.9917,-56.15406,-3.72326
1.59958E+15,1,-0.40138,0.18067,-0.96731
1.59958E+15,2,-15.62548,-58.04621,-3.72326
1.59958E+15,1,-0.29347,0.16993,-0.90774
1.59958E+15,2,-14.89303,-59.0228,-4.08948
1.59958E+15,1,-0.32228,0.16504,-0.91165
1.59958E+15,2,-15.93066,-57.61895,-4.51674
1.59958E+15,1,-0.45558,0.18702,-0.92141
1.59958E+15,2,-15.80859,-54.99435,-3.7843
1.59958E+15,1,-0.43556,0.1836,-0.93216
1.59958E+15,2,-16.17481,-57.3748,-4.33363
1.59958E+15,1,-0.34523,0.167,-0.90432
1.59958E+15,2,-15.07614,-58.59554,-4.76089
1.59958E+15,1,-0.28761,0.15528,-0.89261
1.59958E+15,2,-15.44237,-55.78784,-4.63881
1.59958E+15,1,-0.40822,0.15772,-0.90188
1.59958E+15,2,-16.90725,-54.62813,-3.60118
1.59958E+15,1,-0.51955,0.18458,-0.8887
1.59958E+15,2,-16.78518,-55.54369,-3.47911
1.59958E+15,1,-0.39552,0.17676,-0.88333
1.59958E+15,2,-15.25925,-58.59554,-4.21155
1.59958E+15,1,-0.28907,0.17725,-0.86135
1.59958E+15,2,-14.58785,-59.57213,-5.00504
1.59958E+15,1,-0.32032,0.16456,-0.89554
1.59958E+15,2,-15.93066,-55.78784,-4.63881
1.59958E+15,1,-0.50246,0.18946,-0.87356
1.59958E+15,2,-17.6397,-56.21509,-4.02844
1.59958E+15,1,-0.57131,0.21192,-0.88137
1.59958E+15,2,-15.86962,-57.19169,-4.02844
1.59958E+15,1,-0.41945,0.19385,-0.81887
1.59958E+15,2,-14.46577,-58.10724,-4.57778
1.59958E+15,1,-0.34962,0.1753,-0.83743
1.59958E+15,2,-14.95407,-54.32295,-4.76089
1.59958E+15,1,-0.48732,0.18311,-0.84182
1.59958E+15,2,-16.11377,-50.96591,-4.21155
1.59958E+15,1,-0.62209,0.2046,-0.8843
1.59958E+15,2,-17.09037,-53.77361,-3.60118
1.59958E+15,1,-0.60158,0.21143,-0.83645
1.59958E+15,2,-16.60207,-58.29035,-4.15052
1.59958E+15,1,-0.42286,0.18995,-0.80911
1.59958E+15,2,-16.35792,-58.96176,-4.88296
1.59958E+15,1,-0.38185,0.17237,-0.77786
1.59958E+15,2,-16.05274,-57.13065,-4.76089
1.59958E+15,1,-0.51515,0.19337,-0.81887
1.59958E+15,2,-15.68651,-53.40739,-3.7843
1.59958E+15,1,-0.60842,0.22022,-0.84768
1.59958E+15,2,-15.5034,-54.75021,-3.66222
1.59958E+15,1,-0.60842,0.24122,-0.85061
1.59958E+15,2,-15.07614,-57.19169,-4.02844
1.59958E+15,1,-0.47267,0.21973,-0.81741
1.59958E+15,2,-14.89303,-56.76443,-4.63881
1.59958E+15,1,-0.45558,0.19922,-0.79153
1.59958E+15,2,-15.80859,-54.50606,-4.57778
1.59958E+15,1,-0.5298,0.19044,-0.7803
1.59958E+15,2,-15.80859,-50.90487,-3.66222
1.59958E+15,1,-0.62404,0.20655,-0.77346
1.59958E+15,2,-14.89303,-51.21006,-3.35704
1.59958E+15,1,-0.63283,0.22266,-0.79299
1.59958E+15,2,-14.3437,-52.85806,-3.296
1.59958E+15,1,-0.55617,0.2251,-0.7803
1.59958E+15,2,-14.28266,-55.60472,-4.21155
1.59958E+15,1,-0.51906,0.21632,-0.78616
1.59958E+15,2,-15.01511,-55.05539,-4.08948
1.59958E+15,1,-0.55812,0.20704,-0.74172
1.59958E+15,2,-16.23585,-54.38398,-4.21155
1.59958E+15,1,-0.65188,0.21924,-0.76907
1.59958E+15,2,-16.23585,-54.56709,-3.90637
1.59958E+15,1,-0.69143,0.23975,-0.75832
1.59958E+15,2,-15.44237,-56.21509,-4.02844
1.59958E+15,1,-0.63576,0.24805,-0.77786
1.59958E+15,2,-15.19822,-57.61895,-4.27259
1.59958E+15,1,-0.56154,0.23243,-0.72854
1.59958E+15,2,-16.29688,-58.59554,-4.88296
1.59958E+15,1,-0.58205,0.2129,-0.71877
1.59958E+15,2,-16.72414,-55.17747,-4.27259
1.59958E+15,1,-0.66213,0.22803,-0.7051
1.59958E+15,2,-15.80859,-55.97095,-4.08948
1.59958E+15,1,-0.70559,0.23487,-0.71926
1.59958E+15,2,-15.80859,-56.21509,-4.02844
1.59958E+15,1,-0.62404,0.24171,-0.6924
1.59958E+15,2,-14.52681,-57.06961,-4.63881
1.59958E+15,1,-0.59719,0.23438,-0.70315
1.59958E+15,2,-15.25925,-55.48265,-4.57778
1.59958E+15,1,-0.61281,0.22071,-0.67287
1.59958E+15,2,-15.44237,-52.30873,-4.39467
1.59958E+15,1,-0.71487,0.22999,-0.69826
1.59958E+15,2,-15.07614,-50.47761,-3.72326
1.59958E+15,1,-0.75588,0.24268,-0.6924
1.59958E+15,2,-14.58785,-51.69836,-3.7843
1.59958E+15,1,-0.74172,0.26612,-0.72903
1.59958E+15,2,-14.77096,-56.45924,-4.08948
1.59958E+15,1,-0.6592,0.26173,-0.70803
1.59958E+15,2,-15.56444,-58.04621,-4.51674
1.59958E+15,1,-0.63381,0.24464,-0.68166
1.59958E+15,2,-17.39555,-58.59554,-4.51674
1.59958E+15,1,-0.69973,0.22999,-0.64357
1.59958E+15,2,-17.88385,-58.35139,-4.63881
1.59958E+15,1,-0.76174,0.24171,-0.63478
1.59958E+15,2,-17.1514,-58.22932,-4.4557
1.59958E+15,1,-0.68703,0.25098,-0.64846
1.59958E+15,2,-16.41896,-60.06043,-5.06607
1.59958E+15,1,-0.63918,0.23731,-0.61135
1.59958E+15,2,-17.1514,-60.36561,-5.55437
1.59958E+15,1,-0.72658,0.23292,-0.61818
1.59958E+15,2,-17.70074,-56.82546,-4.944
1.59958E+15,1,-0.79788,0.24903,-0.60256
1.59958E+15,2,-16.66311,-58.16828,-4.69985
1.59958E+15,1,-0.76858,0.26563,-0.62795
1.59958E+15,2,-15.01511,-57.92413,-4.69985
1.59958E+15,1,-0.68313,0.26368,-0.58547
1.59958E+15,2,-15.19822,-57.19169,-4.76089
1.59958E+15,1,-0.70754,0.25147,-0.58303
1.59958E+15,2,-15.86962,-53.83465,-4.4557
1.59958E+15,1,-0.76809,0.24464,-0.5547
1.59958E+15,2,-15.80859,-51.57628,-4.15052
1.59958E+15,1,-0.82766,0.25489,-0.57277
1.59958E+15,2,-14.95407,-52.79702,-3.96741
1.59958E+15,1,-0.78616,0.26466,-0.56545
1.59958E+15,2,-13.61126,-54.01776,-4.27259
1.59958E+15,1,-0.74026,0.27393,-0.58156
1.59958E+15,2,-14.70992,-55.05539,-4.15052
1.59958E+15,1,-0.74319,0.2627,-0.56545
1.59958E+15,2,-16.23585,-55.11643,-4.51674
1.59958E+15,1,-0.79543,0.25489,-0.55812
1.59958E+15,2,-16.96829,-54.44502,-4.57778
1.59958E+15,1,-0.83694,0.25733,-0.53957
1.59958E+15,2,-15.62548,-56.21509,-4.76089
1.59958E+15,1,-0.78762,0.24464,-0.43947
1.59958E+15,2,-12.63466,-45.65569,-3.41807
1.59958E+15,1,-0.72219,0.23048,-0.33741
1.59958E+15,2,-6.77511,-27.46666,-2.25837
1.59958E+15,1,-0.72219,0.23536,-0.34425
1.59958E+15,2,-4.02844,-13.184,-1.22074
1.59958E+15,1,-0.76223,0.23194,-0.36915
1.59958E+15,2,1.34281,4.82192,0.24415
1.59958E+15,1,-0.78957,0.25489,-0.46925
1.59958E+15,2,5.61541,16.41896,1.28178
1.59958E+15,1,-0.78909,0.25636,-0.49367
1.59958E+15,2,5.98163,22.52266,2.07526
1.59958E+15,1,-0.78762,0.24512,-0.42579
1.59958E+15,2,9.58281,32.59377,3.05185
1.59958E+15,1,-0.7383,0.23536,-0.38624
1.59958E+15,2,13.184,44.98428,3.7843
1.59958E+15,1,-0.75784,0.23292,-0.3965
1.59958E+15,2,15.74755,55.05539,4.63881
1.59958E+15,1,-0.82327,0.25294,-0.47365
1.59958E+15,2,18.43318,61.15909,5.06607
1.59958E+15,1,-0.79397,0.28224,-0.61086
1.59958E+15,2,19.16562,60.30457,4.4557
1.59958E+15,1,-0.75295,0.27686,-0.6006
1.59958E+15,2,17.45659,59.20591,4.76089
1.59958E+15,1,-0.77883,0.26319,-0.58107
1.59958E+15,2,15.9917,60.30457,4.4557
1.59958E+15,1,-0.76077,0.25587,-0.5547
1.59958E+15,2,16.96829,60.97598,4.4557
1.59958E+15,1,-0.69485,0.24024,-0.57814
1.59958E+15,2,17.57866,61.58635,4.21155
1.59958E+15,1,-0.75539,0.25587,-0.63527
1.59958E+15,2,17.88385,64.21094,4.88296
1.59958E+15,1,-0.75588,0.26026,-0.67238
1.59958E+15,2,17.09037,59.51109,4.15052
1.59958E+15,1,-0.68801,0.25587,-0.69436
1.59958E+15,2,16.54103,56.39821,3.54015
1.59958E+15,1,-0.69192,0.23927,-0.64406
1.59958E+15,2,15.01511,57.55791,4.02844
1.59958E+15,1,-0.77395,0.24805,-0.67824
1.59958E+15,2,15.38133,56.15406,4.27259
1.59958E+15,1,-0.77541,0.26124,-0.67531
1.59958E+15,2,16.23585,54.81124,4.4557
1.59958E+15,1,-0.70559,0.2754,-0.71194
1.59958E+15,2,16.35792,51.57628,4.15052
1.59958E+15,1,-0.64797,0.2544,-0.6509
1.59958E+15,2,14.64888,51.63732,4.02844
1.59958E+15,1,-0.63478,0.23731,-0.65481
1.59958E+15,2,14.3437,53.5905,3.7843
1.59958E+15,1,-0.68606,0.22657,-0.63137
1.59958E+15,2,14.03851,53.95672,3.54015
1.59958E+15,1,-0.73879,0.23634,-0.6802
1.59958E+15,2,15.07614,53.52947,3.54015
1.59958E+15,1,-0.72903,0.25294,-0.68313
1.59958E+15,2,16.05274,51.45421,3.47911
1.59958E+15,1,-0.64895,0.25587,-0.71291
1.59958E+15,2,15.5034,49.43999,3.05185
1.59958E+15,1,-0.59084,0.23048,-0.64357
1.59958E+15,2,15.19822,54.20087,3.66222
1.59958E+15,1,-0.63625,0.22071,-0.6509
1.59958E+15,2,16.29688,58.71761,3.90637
1.59958E+15,1,-0.71242,0.24268,-0.69778
1.59958E+15,2,17.82281,62.07465,4.4557
1.59958E+15,1,-0.66164,0.2461,-0.73342
1.59958E+15,2,17.33451,59.45006,4.02844
1.59958E+15,1,-0.59572,0.23243,-0.74123
1.59958E+15,2,17.02933,58.16828,3.54015
1.59958E+15,1,-0.57131,0.21046,-0.69973
1.59958E+15,2,16.35792,59.38902,3.60118
1.59958E+15,1,-0.65041,0.22022,-0.73879
1.59958E+15,2,16.84622,58.59554,3.72326
1.59958E+15,1,-0.66408,0.22901,-0.772
1.59958E+15,2,16.60207,56.33717,3.60118
1.59958E+15,1,-0.58156,0.23341,-0.82327
1.59958E+15,2,16.66311,52.61391,3.23496
1.59958E+15,1,-0.52394,0.22169,-0.80374
1.59958E+15,2,14.89303,51.51524,3.23496
1.59958E+15,1,-0.53566,0.20411,-0.79739
1.59958E+15,2,14.09955,51.63732,3.11289
1.59958E+15,1,-0.60158,0.20118,-0.75539
1.59958E+15,2,14.09955,53.04117,3.60118
1.59958E+15,1,-0.64309,0.21094,-0.77932
1.59958E+15,2,15.62548,54.50606,3.84533
1.59958E+15,1,-0.59865,0.22315,-0.7803
1.59958E+15,2,15.68651,51.9425,3.35704
1.59958E+15,1,-0.49757,0.21827,-0.81594
1.59958E+15,2,15.44237,50.17243,2.50252
1.59958E+15,1,-0.44484,0.19776,-0.76955
1.59958E+15,2,14.70992,52.79702,2.86874
1.59958E+15,1,-0.5132,0.19288,-0.78127
1.59958E+15,2,13.91644,54.0788,3.17392
1.59958E+15,1,-0.626,0.20557,-0.76174
1.59958E+15,2,14.58785,56.82546,3.60118
1.59958E+15,1,-0.61721,0.21876,-0.82278
1.59958E+15,2,16.11377,55.17747,3.41807
1.59958E+15,1,-0.5342,0.21876,-0.82669
1.59958E+15,2,16.78518,54.01776,3.47911
1.59958E+15,1,-0.39454,0.19044,-0.82669
1.59958E+15,2,16.35792,54.13984,3.23496
1.59958E+15,1,-0.45656,0.1919,-0.81887
1.59958E+15,2,16.48,56.76443,4.02844
1.59958E+15,1,-0.53224,0.20264,-0.81448
1.59958E+15,2,15.74755,58.35139,4.57778
1.59958E+15,1,-0.56056,0.2129,-0.83108
1.59958E+15,2,16.60207,57.86309,4.39467
1.59958E+15,1,-0.49074,0.20801,-0.8594
1.59958E+15,2,15.93066,55.05539,3.84533
1.59958E+15,1,-0.35255,0.18311,-0.86868
1.59958E+15,2,15.9917,52.4308,2.99081
1.59958E+15,1,-0.32325,0.18067,-0.86819
1.59958E+15,2,14.832,51.08798,2.74667
1.59958E+15,1,-0.41359,0.19092,-0.86868
1.59958E+15,2,15.13718,54.32295,3.05185
1.59958E+15,1,-0.53175,0.20948,-0.88186
1.59958E+15,2,14.64888,54.87228,3.23496
1.59958E+15,1,-0.55226,0.2085,-0.91311
1.59958E+15,2,15.13718,55.54369,2.92978
1.59958E+15,1,-0.417,0.16846,-0.87405
1.59958E+15,2,16.05274,54.87228,2.99081
1.59958E+15,1,-0.33204,0.16309,-0.89456
1.59958E+15,2,15.9917,54.01776,2.8077
1.59958E+15,1,-0.36769,0.16016,-0.87259
1.59958E+15,2,16.11377,57.06961,3.41807
1.59958E+15,1,-0.46437,0.19092,-0.918
1.59958E+15,2,15.74755,57.80206,3.96741
1.59958E+15,1,-0.47951,0.19044,-0.86868
1.59958E+15,2,15.01511,57.06961,3.84533
1.59958E+15,1,-0.3047,0.1543,-0.86087
1.59958E+15,2,15.93066,54.87228,3.11289
1.59958E+15,1,-0.27296,0.14502,-0.85354
1.59958E+15,2,17.02933,55.66576,2.86874
1.59958E+15,1,-0.35841,0.16309,-0.92825
1.59958E+15,2,16.96829,57.55791,3.35704
1.59958E+15,1,-0.45997,0.18995,-0.93948
1.59958E+15,2,16.23585,55.84887,4.15052
1.59958E+15,1,-0.43068,0.17969,-0.93899
1.59958E+15,2,14.89303,52.30873,3.96741
1.59958E+15,1,-0.292,0.14991,-0.88382
1.59958E+15,2,15.9917,53.52947,3.47911
1.59958E+15,1,-0.28077,0.13623,-0.89456
1.59958E+15,2,16.54103,55.97095,3.11289
1.59958E+15,1,-0.34962,0.16309,-0.93753
1.59958E+15,2,17.09037,58.35139,3.47911
1.59958E+15,1,-0.35792,0.16749,-0.95267
1.59958E+15,2,15.80859,55.90991,3.11289
1.59958E+15,1,-0.29591,0.15723,-0.94632
1.59958E+15,2,15.80859,55.11643,2.86874
1.59958E+15,1,-0.16846,0.11377,-0.88577
1.59958E+15,2,16.05274,55.48265,2.62459
1.59958E+15,1,-0.19922,0.12159,-0.93509
1.59958E+15,2,16.90725,55.60472,2.50252
1.59958E+15,1,-0.30128,0.14209,-0.95218
1.59958E+15,2,16.60207,57.25272,3.17392
1.59958E+15,1,-0.29737,0.15577,-0.98196
1.59958E+15,2,16.17481,55.66576,3.60118
1.59958E+15,1,-0.26954,0.13916,-0.92727
1.59958E+15,2,16.41896,56.8865,3.54015
1.59958E+15,1,-0.21876,0.12452,-0.95218
1.59958E+15,2,17.70074,60.1825,3.72326
1.59958E+15,1,-0.28907,0.15284,-0.98636
1.59958E+15,2,17.27348,60.06043,4.21155
1.59958E+15,1,-0.33546,0.17383,-1.03665
1.59958E+15,2,15.44237,58.29035,5.00504
1.59958E+15,1,-0.1836,0.14307,-0.96341
1.59958E+15,2,16.11377,56.76443,4.15052
1.59958E+15,1,-0.19239,0.10938,-0.94046
1.59958E+15,2,17.45659,56.15406,3.47911
1.59958E+15,1,-0.23341,0.13868,-0.98587
1.59958E+15,2,17.02933,57.43583,3.54015
1.59958E+15,1,-0.21924,0.13282,-0.97464
1.59958E+15,2,16.17481,54.0788,3.7843
1.59958E+15,1,-0.17627,0.125,-0.96731
1.59958E+15,2,15.74755,54.50606,3.47911
1.59958E+15,1,-0.08838,0.08594,-0.89895
1.59958E+15,2,16.48,56.52028,2.62459
1.59958E+15,1,-0.15235,0.09522,-0.95999
1.59958E+15,2,17.76177,57.43583,3.17392
1.59958E+15,1,-0.21485,0.1211,-0.97464
1.59958E+15,2,17.45659,59.20591,4.02844
1.59958E+15,1,-0.06787,0.08985,-0.95901
1.59958E+15,2,16.66311,57.98517,3.90637
1.59958E+15,1,-0.07422,0.07569,-0.93558
1.59958E+15,2,17.76177,58.96176,2.92978
1.59958E+15,1,-0.12745,0.09229,-1.00443
1.59958E+15,2,16.35792,59.93835,3.296
1.59958E+15,1,-0.18506,0.12012,-1.04202
1.59958E+15,2,16.05274,57.3748,4.02844
1.59958E+15,1,-0.13038,0.10791,-1.00735
1.59958E+15,2,15.86962,57.25272,3.60118
1.59958E+15,1,-0.05615,0.0918,-0.9888
1.59958E+15,2,18.18903,59.81628,3.60118
1.59958E+15,1,-0.08448,0.10303,-1.0098
1.59958E+15,2,17.21244,57.43583,3.96741
1.59958E+15,1,-0.16944,0.11719,-1.08206
1.59958E+15,2,16.48,58.41243,4.33363
1.59958E+15,1,-0.07324,0.10108,-1.00589
1.59958E+15,2,17.09037,57.00858,4.4557
1.59958E+15,1,-0.02051,0.06446,-0.97952
1.59958E+15,2,17.33451,56.58132,4.15052
1.59958E+15,1,-0.06592,0.10498,-0.99124
1.59958E+15,2,15.74755,58.83969,4.944
1.59958E+15,1,-0.03369,0.08252,-0.99808
1.59958E+15,2,15.80859,57.19169,4.39467
1.59958E+15,1,-0.04492,0.06494,-0.96878
1.59958E+15,2,17.6397,58.90072,4.33363
1.59958E+15,1,-0.06494,0.09473,-1.06156
1.59958E+15,2,14.16059,52.61391,3.54015
1.59958E+15,1,0.01025,0.07715,-1.10013
1.59958E+15,2,10.74252,37.04947,2.86874
1.59958E+15,1,0.03076,0.06885,-1.13431
1.59958E+15,2,5.85955,20.38636,1.46489
1.59958E+15,1,-0.03613,0.08203,-1.13089
1.59958E+15,2,0.18311,1.03763,-0.24415
1.59958E+15,1,-0.06153,0.08838,-1.07474
1.59958E+15,2,-3.23496,-10.74252,-1.03763
1.59958E+15,1,-0.05567,0.08741,-1.05765
1.59958E+15,2,-6.65304,-20.9357,-1.70904
1.59958E+15,1,-0.04004,0.08838,-1.08744
1.59958E+15,2,-10.19318,-32.95999,-2.62459
1.59958E+15,1,-0.08057,0.09717,-1.15775
1.59958E+15,2,-13.184,-43.82458,-3.41807
1.59958E+15,1,-0.16016,0.13086,-1.17093
1.59958E+15,2,-16.48,-52.55287,-3.84533
1.59958E+15,1,-0.10938,0.11621,-1.09476
1.59958E+15,2,-18.73836,-58.71761,-3.35704
1.59958E+15,1,-0.07471,0.09424,-0.99808
1.59958E+15,2,-19.04355,-61.3422,-2.31941
1.59958E+15,1,0.04395,0.05664,-0.95706
1.59958E+15,2,-17.51762,-61.15909,-2.86874
1.59958E+15,1,-0.01563,0.08106,-0.99319
1.59958E+15,2,-18.12799,-64.02783,-3.60118
1.59958E+15,1,-0.12354,0.11963,-1.06058
1.59958E+15,2,-19.10459,-66.34724,-3.84533
1.59958E+15,1,-0.11426,0.10352,-1.02005
1.59958E+15,2,-19.83703,-66.34724,-3.7843
1.59958E+15,1,-0.08448,0.10987,-0.95901
1.59958E+15,2,-21.11881,-67.01865,-4.21155
1.59958E+15,1,-0.09522,0.08594,-0.95315
1.59958E+15,2,-19.83703,-66.16413,-3.35704
1.59958E+15,1,-0.20411,0.11914,-0.98831
1.59958E+15,2,-20.02014,-62.86813,-3.23496
1.59958E+15,1,-0.15577,0.12305,-0.98831
1.59958E+15,2,-18.00592,-61.3422,-2.8077
1.59958E+15,1,-0.09668,0.11524,-0.95218
1.59958E+15,2,-16.41896,-59.57213,-4.51674
1.59958E+15,1,-0.24952,0.12598,-0.99808
1.59958E+15,2,-16.41896,-57.25272,-4.08948
1.59958E+15,1,-0.19434,0.12647,-1.00491
1.59958E+15,2,-17.94488,-56.8865,-2.99081
1.59958E+15,1,-0.14893,0.09522,-0.93216
1.59958E+15,2,-16.54103,-57.31376,-3.11289
1.59958E+15,1,-0.11817,0.10254,-0.94241
1.59958E+15,2,-14.89303,-54.26191,-2.62459
1.59958E+15,1,-0.17335,0.13086,-0.95999
1.59958E+15,2,-14.832,-53.52947,-3.47911
1.59958E+15,1,-0.27247,0.13623,-1.0137
1.59958E+15,2,-16.29688,-54.01776,-3.47911
1.59958E+15,1,-0.17286,0.11231,-0.95657
1.59958E+15,2,-16.96829,-55.60472,-3.7843
1.59958E+15,1,-0.11231,0.1128,-0.96585
1.59958E+15,2,-16.41896,-58.47346,-4.15052
1.59958E+15,1,-0.1792,0.13086,-0.98245
1.59958E+15,2,-16.84622,-58.47346,-4.27259
1.59958E+15,1,-0.23634,0.14551,-0.98392
1.59958E+15,2,-18.7994,-62.25776,-4.21155
1.59958E+15,1,-0.2251,0.13428,-0.93948
1.59958E+15,2,-17.45659,-62.01361,-4.82192
1.59958E+15,1,-0.16895,0.12452,-0.89895
1.59958E+15,2,-16.11377,-59.99939,-5.37126
1.59958E+15,1,-0.2046,0.13868,-0.94876
1.59958E+15,2,-16.17481,-57.19169,-4.82192
1.59958E+15,1,-0.34571,0.1626,-0.97757
1.59958E+15,2,-16.29688,-56.82546,-4.08948
1.59958E+15,1,-0.28468,0.14747,-0.9678
1.59958E+15,2,-16.66311,-59.14487,-4.27259
1.59958E+15,1,-0.26124,0.14161,-0.91311
1.59958E+15,2,-15.44237,-59.63317,-4.02844
1.59958E+15,1,-0.3003,0.15723,-0.93997
1.59958E+15,2,-16.66311,-56.64235,-3.7843
1.59958E+15,1,-0.37403,0.15381,-0.90481
1.59958E+15,2,-16.66311,-54.93332,-3.296
1.59958E+15,1,-0.39405,0.16407,-0.92239
1.59958E+15,2,-15.80859,-55.66576,-3.17392
1.59958E+15,1,-0.27638,0.14502,-0.88723
1.59958E+15,2,-15.68651,-55.11643,-4.02844
1.59958E+15,1,-0.28565,0.1587,-0.92434
1.59958E+15,2,-16.11377,-55.54369,-3.66222
1.59958E+15,1,-0.38087,0.17676,-0.93362
1.59958E+15,2,-16.96829,-55.05539,-3.7843
1.59958E+15,1,-0.35743,0.16456,-0.88772
1.59958E+15,2,-16.11377,-57.92413,-4.21155
1.59958E+15,1,-0.27003,0.167,-0.89456
1.59958E+15,2,-15.86962,-59.26695,-4.944
1.59958E+15,1,-0.28565,0.15821,-0.89798
1.59958E+15,2,-15.86962,-56.15406,-4.88296
1.59958E+15,1,-0.42286,0.18311,-0.96585
1.59958E+15,2,-17.09037,-57.00858,-4.39467
1.59958E+15,1,-0.52297,0.19581,-0.93509
1.59958E+15,2,-16.29688,-59.32798,-4.27259
1.59958E+15,1,-0.37403,0.18213,-0.90188
1.59958E+15,2,-14.89303,-60.85391,-4.39467
1.59958E+15,1,-0.28809,0.16504,-0.84231
1.59958E+15,2,-14.64888,-57.25272,-4.63881
1.59958E+15,1,-0.39064,0.17139,-0.88772
1.59958E+15,2,-15.74755,-51.75939,-3.66222
1.59958E+15,1,-0.5425,0.19825,-0.90872
1.59958E+15,2,-16.84622,-54.01776,-3.72326
1.59958E+15,1,-0.54152,0.19483,-0.9053
1.59958E+15,2,-15.74755,-57.25272,-3.66222
1.59958E+15,1,-0.34718,0.17188,-0.81643
1.59958E+15,2,-14.46577,-57.61895,-4.21155
1.59958E+15,1,-0.32716,0.16797,-0.81252
1.59958E+15,2,-15.93066,-55.2385,-4.33363
1.59958E+15,1,-0.48634,0.18897,-0.84182
1.59958E+15,2,-16.11377,-51.39317,-3.84533
1.59958E+15,1,-0.61623,0.21485,-0.89212
1.59958E+15,2,-16.23585,-54.13984,-4.02844
1.59958E+15,1,-0.54347,0.21778,-0.88968
1.59958E+15,2,-15.01511,-58.77865,-4.69985
1.59958E+15,1,-0.37794,0.19727,-0.84085
1.59958E+15,2,-15.5034,-59.99939,-5.00504
1.59958E+15,1,-0.3838,0.19141,-0.82962
1.59958E+15,2,-16.41896,-57.00858,-5.00504
1.59958E+15,1,-0.56691,0.21192,-0.83206
1.59958E+15,2,-16.84622,-53.65154,-4.27259
1.59958E+15,1,-0.60988,0.22315,-0.85598
1.59958E+15,2,-15.9917,-55.2385,-4.02844
1.59958E+15,1,-0.53761,0.21876,-0.82815
1.59958E+15,2,-15.32029,-57.74102,-4.33363
1.59958E+15,1,-0.40431,0.19044,-0.81204
1.59958E+15,2,-15.74755,-56.45924,-4.4557
1.59958E+15,1,-0.45216,0.18799,-0.77639
1.59958E+15,2,-16.17481,-55.05539,-4.15052
1.59958E+15,1,-0.58058,0.20313,-0.80569
1.59958E+15,2,-16.54103,-52.67495,-3.96741
1.59958E+15,1,-0.63527,0.21973,-0.79739
1.59958E+15,2,-15.13718,-54.13984,-3.90637
1.59958E+15,1,-0.58742,0.23096,-0.81838
1.59958E+15,2,-14.16059,-53.71258,-3.66222
1.59958E+15,1,-0.51418,0.23341,-0.79739
1.59958E+15,2,-14.09955,-54.32295,-3.84533
1.59958E+15,1,-0.51271,0.22657,-0.80862
1.59958E+15,2,-15.13718,-53.04117,-4.02844
1.59958E+15,1,-0.57863,0.21729,-0.77688
1.59958E+15,2,-15.80859,-52.00354,-4.08948
1.59958E+15,1,-0.65285,0.22803,-0.79006
1.59958E+15,2,-15.9917,-53.77361,-3.7843
1.59958E+15,1,-0.64699,0.24171,-0.77053
1.59958E+15,2,-14.95407,-56.8865,-4.27259
1.59958E+15,1,-0.56642,0.23878,-0.7803
1.59958E+15,2,-15.5034,-58.65658,-4.57778
1.59958E+15,1,-0.52785,0.22217,-0.73879
1.59958E+15,2,-16.29688,-58.35139,-5.00504
1.59958E+15,1,-0.59963,0.21436,-0.73098
1.59958E+15,2,-17.02933,-56.03198,-4.63881
1.59958E+15,1,-0.68801,0.22462,-0.72854
1.59958E+15,2,-16.35792,-56.64235,-4.51674
1.59958E+15,1,-0.7051,0.24464,-0.74953
1.59958E+15,2,-15.38133,-57.74102,-4.27259
1.59958E+15,1,-0.59621,0.24171,-0.73635
1.59958E+15,2,-15.5034,-57.98517,-4.57778
1.59958E+15,1,-0.58693,0.22999,-0.7007
1.59958E+15,2,-16.29688,-55.66576,-4.4557
1.59958E+15,1,-0.6426,0.21876,-0.68606
1.59958E+15,2,-15.80859,-51.2711,-4.02844
1.59958E+15,1,-0.71389,0.23438,-0.69289
1.59958E+15,2,-15.25925,-52.36976,-3.90637
1.59958E+15,1,-0.70998,0.2461,-0.71291
1.59958E+15,2,-13.8554,-52.67495,-3.96741
1.59958E+15,1,-0.65578,0.25733,-0.72121
1.59958E+15,2,-14.58785,-55.48265,-4.27259
1.59958E+15,1,-0.61623,0.24561,-0.72268
1.59958E+15,2,-15.93066,-56.8865,-4.88296
1.59958E+15,1,-0.63527,0.22901,-0.68068
1.59958E+15,2,-17.33451,-56.64235,-4.88296
1.59958E+15,1,-0.73635,0.23243,-0.68947
1.59958E+15,2,-17.57866,-56.70339,-4.57778
1.59958E+15,1,-0.76516,0.24952,-0.66506
1.59958E+15,2,-16.90725,-59.38902,-4.51674
1.59958E+15,1,-0.69485,0.25587,-0.67727
1.59958E+15,2,-16.54103,-60.79287,-4.57778
1.59958E+15,1,-0.65041,0.2461,-0.6133
1.59958E+15,2,-16.72414,-58.35139,-4.63881
1.59958E+15,1,-0.75881,0.24415,-0.62111
1.59958E+15,2,-17.09037,-54.38398,-4.02844
1.59958E+15,1,-0.79202,0.26563,-0.62746
1.59958E+15,2,-15.56444,-56.45924,-4.39467
1.59958E+15,1,-0.74807,0.27247,-0.65334
1.59958E+15,2,-15.5034,-59.0228,-4.76089
1.59958E+15,1,-0.64992,0.25098,-0.59572
1.59958E+15,2,-16.60207,-58.10724,-5.06607
1.59958E+15,1,-0.71731,0.23927,-0.5674
1.59958E+15,2,-17.02933,-55.48265,-4.4557
1.59958E+15,1,-0.7759,0.23927,-0.55763
1.59958E+15,2,-16.17481,-52.79702,-4.08948
1.59958E+15,1,-0.81545,0.25977,-0.59523
1.59958E+15,2,-14.52681,-54.26191,-4.15052
1.59958E+15,1,-0.76858,0.27345,-0.61281
1.59958E+15,2,-14.03851,-55.42161,-4.4557
1.59958E+15,1,-0.71487,0.26417,-0.58254
1.59958E+15,2,-15.01511,-54.50606,-4.15052
1.59958E+15,1,-0.74075,0.25782,-0.56545
1.59958E+15,2,-15.80859,-52.73598,-3.96741
1.59958E+15,1,-0.81399,0.2505,-0.53713
1.59958E+15,2,-16.17481,-51.75939,-3.7843
1.59958E+15,1,-0.82913,0.26368,-0.57326
1.59958E+15,2,-15.25925,-54.75021,-4.21155
1.59958E+15,1,-0.81155,0.27784,-0.56301
1.59958E+15,2,-14.77096,-57.3748,-4.88296
1.59958E+15,1,-0.69826,0.25636,-0.51759
1.59958E+15,2,-16.05274,-57.06961,-5.12711
1.59958E+15,1,-0.71975,0.23145,-0.38087
1.59958E+15,2,-11.96326,-39.67406,-3.54015
1.59958E+15,1,-0.72365,0.22999,-0.36183
1.59958E+15,2,-6.34785,-20.81362,-2.01422
1.59958E+15,1,-0.72024,0.22657,-0.35353
1.59958E+15,2,-1.28178,-5.37126,-0.79348
1.59958E+15,1,-0.77297,0.23585,-0.4048
1.59958E+15,2,4.88296,10.86459,0.36622
1.59958E+15,1,-0.78616,0.25636,-0.4922
1.59958E+15,2,6.34785,19.16562,1.40385
1.59958E+15,1,-0.78909,0.24317,-0.44386
1.59958E+15,2,7.87378,27.77184,2.68563
1.59958E+15,1,-0.74807,0.24561,-0.40675
1.59958E+15,2,11.41392,36.98843,3.05185
1.59958E+15,1,-0.74905,0.24805,-0.40089
1.59958E+15,2,14.58785,49.07376,3.84533
1.59958E+15,1,-0.71584,0.24805,-0.47804
1.59958E+15,2,16.60207,56.94754,4.15052
1.59958E+15,1,-0.76077,0.24561,-0.51759
1.59958E+15,2,18.31111,63.17331,4.69985
1.59958E+15,1,-0.82669,0.25489,-0.5801
1.59958E+15,2,17.70074,63.05124,4.88296
1.59958E+15,1,-0.79592,0.26905,-0.58742
1.59958E+15,2,17.1514,59.26695,4.39467
1.59958E+15,1,-0.72365,0.24317,-0.54103
1.59958E+15,2,16.72414,59.32798,3.96741
1.59958E+15,1,-0.7842,0.24512,-0.55666
1.59958E+15,2,18.06696,63.9668,4.63881
1.59958E+15,1,-0.74514,0.24903,-0.60109
1.59958E+15,2,18.55525,63.23435,4.76089
1.59958E+15,1,-0.71242,0.24757,-0.6592
1.59958E+15,2,17.6397,60.91494,4.4557
1.59958E+15,1,-0.78567,0.25636,-0.6509
1.59958E+15,2,17.57866,61.76946,4.82192
1.59958E+15,1,-0.78323,0.26124,-0.67678
1.59958E+15,2,16.66311,57.06961,4.33363
1.59958E+15,1,-0.69094,0.25343,-0.66848
1.59958E+15,2,15.93066,53.89569,4.08948
1.59958E+15,1,-0.63478,0.23878,-0.65529
1.59958E+15,2,15.07614,52.36976,3.90637
1.59958E+15,1,-0.67678,0.2295,-0.64553
1.59958E+15,2,14.16059,53.34635,3.96741
1.59958E+15,1,-0.73147,0.24171,-0.65334
1.59958E+15,2,14.89303,53.28532,4.33363
1.59958E+15,1,-0.74221,0.25684,-0.67238
1.59958E+15,2,16.23585,52.4308,3.96741
1.59958E+15,1,-0.71438,0.26319,-0.68947
1.59958E+15,2,16.05274,52.12561,3.66222
1.59958E+15,1,-0.64895,0.25538,-0.70461
1.59958E+15,2,14.70992,52.67495,3.47911
1.59958E+15,1,-0.63674,0.23389,-0.66408
1.59958E+15,2,14.40474,53.04117,3.54015
1.59958E+15,1,-0.68703,0.23389,-0.66311
1.59958E+15,2,14.77096,55.2385,3.96741
1.59958E+15,1,-0.71682,0.23145,-0.63967
1.59958E+15,2,14.95407,54.0788,3.96741
1.59958E+15,1,-0.70461,0.24757,-0.6719
1.59958E+15,2,17.09037,55.90991,4.21155
1.59958E+15,1,-0.60207,0.23487,-0.66311
1.59958E+15,2,17.6397,57.3748,4.08948
1.59958E+15,1,-0.59084,0.23731,-0.71926
1.59958E+15,2,16.48,58.16828,3.90637
1.59958E+15,1,-0.66604,0.24317,-0.73147
1.59958E+15,2,16.48,60.91494,3.96741
1.59958E+15,1,-0.66213,0.2544,-0.77883
1.59958E+15,2,16.66311,57.49687,3.296
1.59958E+15,1,-0.62307,0.24366,-0.74416
1.59958E+15,2,16.84622,57.49687,3.17392
1.59958E+15,1,-0.54201,0.2168,-0.76125
1.59958E+15,2,15.68651,56.70339,2.92978
1.59958E+15,1,-0.61379,0.21046,-0.76809
1.59958E+15,2,16.11377,58.96176,3.60118
1.59958E+15,1,-0.66994,0.21973,-0.81594
1.59958E+15,2,15.74755,56.8865,4.08948
1.59958E+15,1,-0.65871,0.23292,-0.80764
1.59958E+15,2,15.62548,52.12561,3.7843
1.59958E+15,1,-0.55177,0.22803,-0.79983
1.59958E+15,2,15.25925,48.52443,3.23496
1.59958E+15,1,-0.47804,0.21729,-0.76907
1.59958E+15,2,15.25925,50.84384,3.23496
1.59958E+15,1,-0.5049,0.2129,-0.78127
1.59958E+15,2,14.16059,51.63732,2.8077
1.59958E+15,1,-0.59426,0.2168,-0.80667
1.59958E+15,2,14.03851,54.38398,2.86874
1.59958E+15,1,-0.64846,0.21973,-0.82522
1.59958E+15,2,14.58785,52.36976,3.11289
1.59958E+15,1,-0.61818,0.23096,-0.81936
1.59958E+15,2,15.62548,51.82043,3.54015
1.59958E+15,1,-0.47218,0.20948,-0.76809
1.59958E+15,2,15.68651,51.45421,3.17392
1.59958E+15,1,-0.44044,0.20069,-0.76809
1.59958E+15,2,16.05274,56.45924,2.99081
1.59958E+15,1,-0.49806,0.18702,-0.77786
1.59958E+15,2,15.44237,60.60976,3.54015
1.59958E+15,1,-0.626,0.21094,-0.85452
1.59958E+15,2,15.25925,58.77865,4.21155
1.59958E+15,1,-0.61965,0.20948,-0.83596
1.59958E+15,2,15.38133,55.84887,4.27259
1.59958E+15,1,-0.46388,0.19874,-0.82571
1.59958E+15,2,15.80859,53.46843,4.08948
1.59958E+15,1,-0.417,0.18848,-0.77786
1.59958E+15,2,16.23585,56.64235,4.02844
1.59958E+15,1,-0.43703,0.20069,-0.85159
1.59958E+15,2,15.9917,58.65658,3.96741
1.59958E+15,1,-0.57228,0.21632,-0.897
1.59958E+15,2,15.07614,57.3748,4.08948
1.59958E+15,1,-0.60891,0.21973,-0.95169
1.59958E+15,2,14.832,54.50606,4.02844
1.59958E+15,1,-0.5005,0.19581,-0.87307
1.59958E+15,2,15.07614,51.33213,3.72326
1.59958E+15,1,-0.35499,0.17042,-0.83596
1.59958E+15,2,15.68651,51.33213,3.17392
1.59958E+15,1,-0.2837,0.16651,-0.81399
1.59958E+15,2,16.35792,54.44502,2.38044
1.59958E+15,1,-0.37257,0.17432,-0.88821
1.59958E+15,2,15.62548,55.84887,2.1363
1.59958E+15,1,-0.50685,0.20069,-0.92874
1.59958E+15,2,15.5034,56.15406,3.17392
1.59958E+15,1,-0.45021,0.18653,-0.92776
1.59958E+15,2,14.77096,50.84384,3.296
1.59958E+15,1,-0.33644,0.167,-0.85354
1.59958E+15,2,15.9917,50.59969,3.296
1.59958E+15,1,-0.27638,0.1626,-0.83694
1.59958E+15,2,17.1514,54.81124,2.68563
1.59958E+15,1,-0.42286,0.19044,-0.90237
1.59958E+15,2,17.57866,58.41243,2.86874
1.59958E+15,1,-0.53566,0.20167,-0.95364
1.59958E+15,2,16.84622,59.0228,3.96741
1.59958E+15,1,-0.43556,0.18555,-0.94681
1.59958E+15,2,16.23585,56.15406,4.21155
1.59958E+15,1,-0.32325,0.14942,-0.86868
1.59958E+15,2,15.5034,54.50606,4.02844
1.59958E+15,1,-0.28516,0.15674,-0.88821
1.59958E+15,2,16.17481,56.27613,3.54015
1.59958E+15,1,-0.36183,0.16358,-0.90677
1.59958E+15,2,15.9917,55.90991,3.05185
1.59958E+15,1,-0.40236,0.17432,-0.95804
1.59958E+15,2,16.35792,55.78784,3.54015
1.59958E+15,1,-0.31446,0.15088,-0.90139
1.59958E+15,2,16.23585,53.22428,3.60118
1.59958E+15,1,-0.24219,0.14258,-0.9097
1.59958E+15,2,16.41896,52.98013,2.8077
1.59958E+15,1,-0.27052,0.14893,-0.91604
1.59958E+15,2,17.27348,56.52028,2.19733
1.59958E+15,1,-0.36818,0.16651,-0.99368
1.59958E+15,2,16.48,56.82546,2.92978
1.59958E+15,1,-0.40626,0.17139,-0.99173
1.59958E+15,2,15.62548,56.15406,3.72326
1.59958E+15,1,-0.24561,0.13282,-0.94827
1.59958E+15,2,15.19822,55.17747,3.35704
1.59958E+15,1,-0.21485,0.12793,-0.92434
1.59958E+15,2,17.02933,57.43583,3.35704
1.59958E+15,1,-0.23145,0.13038,-0.93655
1.59958E+15,2,17.21244,59.14487,3.296
1.59958E+15,1,-0.25245,0.13135,-0.95853
1.59958E+15,2,17.39555,58.96176,3.72326
1.59958E+15,1,-0.2168,0.12012,-0.93802
1.59958E+15,2,16.78518,57.92413,3.60118
1.59958E+15,1,-0.13672,0.10303,-0.93069
1.59958E+15,2,17.45659,59.63317,3.60118
1.59958E+15,1,-0.20606,0.11817,-0.94192
1.59958E+15,2,16.84622,57.3748,3.60118
1.59958E+15,1,-0.28809,0.14698,-1.01517
1.59958E+15,2,15.68651,55.90991,3.47911
1.59958E+15,1,-0.19239,0.13477,-0.95706
1.59958E+15,2,15.86962,52.18665,3.66222
1.59958E+15,1,-0.16016,0.10596,-0.94729
1.59958E+15,2,15.68651,52.30873,2.74667
1.59958E+15,1,-0.1792,0.11817,-0.94143
1.59958E+15,2,16.72414,56.27613,3.11289
1.59958E+15,1,-0.21827,0.13868,-0.99564
1.59958E+15,2,15.74755,55.05539,3.35704
1.59958E+15,1,-0.22266,0.13623,-0.98685
1.59958E+15,2,15.68651,56.82546,3.72326
1.59958E+15,1,-0.08448,0.09766,-0.93606
1.59958E+15,2,16.72414,57.92413,3.296
1.59958E+15,1,-0.15186,0.10743,-0.97903
1.59958E+15,2,17.70074,59.75524,3.54015
1.59958E+15,1,-0.23145,0.13819,-1.02738
1.59958E+15,2,18.25007,62.13569,4.69985
1.59958E+15,1,-0.12403,0.12842,-1.02738
1.59958E+15,2,17.57866,59.81628,4.57778
1.59958E+15,1,-0.08252,0.08789,-0.95706
1.59958E+15,2,17.6397,60.24354,3.7843
1.59958E+15,1,-0.03711,0.08399,-0.98294
1.59958E+15,2,18.55525,60.60976,4.27259
1.59958E+15,1,-0.08936,0.09229,-0.97464
1.59958E+15,2,18.31111,59.63317,4.88296
1.59958E+15,1,-0.09278,0.09131,-1.00345
1.59958E+15,2,16.84622,57.98517,4.15052
1.59958E+15,1,0.0083,0.06299,-0.95608
1.59958E+15,2,17.88385,57.92413,2.99081
1.59958E+15,1,0.01563,0.04492,-0.96536
1.59958E+15,2,17.57866,55.11643,3.60118
1.59958E+15,1,-0.06006,0.07373,-0.99759
1.59958E+15,2,15.74755,54.13984,3.17392
1.59958E+15,1,-0.01758,0.06299,-0.95364
1.59958E+15,2,16.11377,52.9191,3.41807
1.59958E+15,1,0.02002,0.05127,-0.96048
1.59958E+15,2,15.9917,53.04117,2.68563
1.59958E+15,1,-0.00195,0.05567,-0.95267
1.59958E+15,2,16.66311,57.55791,3.47911
1.59958E+15,1,-0.05518,0.09131,-1.04154
1.59958E+15,2,16.90725,57.25272,4.08948
1.59958E+15,1,-0.14893,0.09864,-1.1182
1.59958E+15,2,12.02429,43.51939,2.92978
1.59958E+15,1,-0.09619,0.10987,-1.2056
1.59958E+15,2,7.44652,28.38221,1.77007
1.59958E+15,1,-0.10498,0.11866,-1.23344
1.59958E+15,2,2.92978,10.62044,0.24415
1.59958E+15,1,-0.04883,0.09424,-1.12308
1.59958E+15,2,-1.77007,-6.40889,-1.03763
1.59958E+15,1,-0.05029,0.08692,-1.05521
1.59958E+15,2,-5.24918,-17.70074,-1.77007
1.59958E+15,1,-0.05127,0.08936,-1.06058
1.59958E+15,2,-8.54518,-27.22251,-2.31941
1.59958E+15,1,0.01465,0.06934,-1.07035
1.59958E+15,2,-11.29185,-37.90399,-2.99081
1.59958E+15,1,0.08203,0.04639,-1.06009
1.59958E+15,2,-13.30607,-49.1348,-3.84533
1.59958E+15,1,0.06885,0.03174,-0.99124
1.59958E+15,2,-17.09037,-59.99939,-5.06607
1.59958E+15,1,0.0293,0.03369,-0.95071
1.59958E+15,2,-17.09037,-61.52532,-4.76089
1.59958E+15,1,-0.0791,0.08448,-1.00589
1.59958E+15,2,-18.06696,-63.17331,-3.66222
1.59958E+15,1,-0.13086,0.11377,-1.04984
1.59958E+15,2,-20.32533,-66.16413,-3.41807
1.59958E+15,1,-0.03565,0.07617,-1.01468
1.59958E+15,2,-20.14222,-64.88235,-3.47911
1.59958E+15,1,-0.0249,0.08496,-0.98196
1.59958E+15,2,-20.87466,-70.0705,-4.27259
1.59958E+15,1,-0.06153,0.08106,-0.95999
1.59958E+15,2,-21.11881,-70.7419,-4.82192
1.59958E+15,1,-0.13428,0.08692,-0.97269
1.59958E+15,2,-20.4474,-65.67583,-4.27259
1.59958E+15,1,-0.06934,0.09326,-0.92386
1.59958E+15,2,-19.65392,-64.21094,-3.54015
1.59958E+15,1,-0.04346,0.07715,-0.92776
1.59958E+15,2,-16.29688,-61.40324,-3.72326
1.59958E+15,1,-0.17188,0.1211,-0.97024
1.59958E+15,2,-16.90725,-60.97598,-3.66222
1.59958E+15,1,-0.10889,0.09864,-0.94778
1.59958E+15,2,-17.88385,-59.81628,-4.76089
1.59958E+15,1,-0.06836,0.0835,-0.90774
1.59958E+15,2,-16.72414,-59.14487,-4.27259
1.59958E+15,1,-0.17725,0.11084,-0.96927
1.59958E+15,2,-15.5034,-55.11643,-4.02844
1.59958E+15,1,-0.21192,0.12256,-0.99319
1.59958E+15,2,-15.56444,-54.81124,-2.62459
1.59958E+15,1,-0.20899,0.13184,-0.96976
1.59958E+15,2,-16.05274,-57.00858,-2.86874
1.59958E+15,1,-0.12598,0.10645,-0.93899
1.59958E+15,2,-15.32029,-54.99435,-4.02844
1.59958E+15,1,-0.15332,0.12452,-0.96878
1.59958E+15,2,-15.19822,-55.48265,-3.84533
1.59958E+15,1,-0.29542,0.14502,-1.04398
1.59958E+15,2,-16.72414,-55.54369,-3.72326
1.59958E+15,1,-0.28614,0.14014,-1.00735
1.59958E+15,2,-17.45659,-58.65658,-4.15052
1.59958E+15,1,-0.22217,0.12647,-0.9888
1.59958E+15,2,-16.84622,-62.19672,-4.4557
1.59958E+15,1,-0.20606,0.13184,-0.93899
1.59958E+15,2,-16.72414,-60.06043,-4.4557
1.59958E+15,1,-0.29542,0.14551,-0.96487
1.59958E+15,2,-17.82281,-57.67998,-4.57778
1.59958E+15,1,-0.32716,0.14356,-0.93313
1.59958E+15,2,-17.33451,-58.04621,-4.76089
1.59958E+15,1,-0.24757,0.12305,-0.92288
1.59958E+15,2,-15.93066,-55.7268,-4.57778
1.59958E+15,1,-0.23145,0.13428,-0.94632
1.59958E+15,2,-16.05274,-56.64235,-4.21155
1.59958E+15,1,-0.34523,0.15088,-0.95608
1.59958E+15,2,-16.90725,-56.70339,-3.84533
1.59958E+15,1,-0.31886,0.15772,-0.93899
1.59958E+15,2,-16.72414,-59.57213,-3.7843
1.59958E+15,1,-0.26417,0.14795,-0.88186
1.59958E+15,2,-15.74755,-60.6708,-4.15052
1.59958E+15,1,-0.24464,0.146,-0.90286
1.59958E+15,2,-14.22163,-55.36058,-3.47911
1.59958E+15,1,-0.32423,0.17286,-0.92776
1.59958E+15,2,-15.5034,-56.21509,-3.72326
1.59958E+15,1,-0.42091,0.18165,-0.97073
1.59958E+15,2,-16.11377,-57.67998,-3.84533
1.59958E+15,1,-0.32618,0.17139,-0.91458
1.59958E+15,2,-15.07614,-58.90072,-4.02844
1.59958E+15,1,-0.31007,0.16211,-0.91165
1.59958E+15,2,-15.38133,-57.19169,-4.4557
1.59958E+15,1,-0.41505,0.17872,-0.91849
1.59958E+15,2,-16.17481,-55.05539,-3.90637
1.59958E+15,1,-0.45607,0.18311,-0.9429
1.59958E+15,2,-16.78518,-56.64235,-4.15052
1.59958E+15,1,-0.38673,0.17383,-0.91653
1.59958E+15,2,-15.74755,-58.71761,-4.63881
1.59958E+15,1,-0.26856,0.14893,-0.87991
1.59958E+15,2,-15.62548,-57.86309,-4.76089
1.59958E+15,1,-0.34425,0.14795,-0.87503
1.59958E+15,2,-16.54103,-55.2385,-3.90637
1.59958E+15,1,-0.50295,0.18213,-0.88772
1.59958E+15,2,-17.33451,-54.81124,-3.47911
1.59958E+15,1,-0.46144,0.18311,-0.88723
1.59958E+15,2,-15.44237,-57.43583,-3.96741
1.59958E+15,1,-0.33204,0.1836,-0.87063
1.59958E+15,2,-14.46577,-60.1825,-4.88296
1.59958E+15,1,-0.29102,0.16211,-0.88137
1.59958E+15,2,-15.38133,-56.64235,-4.88296
1.59958E+15,1,-0.46242,0.18506,-0.8721
1.59958E+15,2,-16.78518,-54.87228,-3.96741
1.59958E+15,1,-0.59767,0.21387,-0.89212
1.59958E+15,2,-16.05274,-55.17747,-3.60118
1.59958E+15,1,-0.49074,0.20313,-0.84133
1.59958E+15,2,-14.89303,-57.98517,-4.4557
1.59958E+15,1,-0.35011,0.18116,-0.85012
1.59958E+15,2,-14.95407,-56.33717,-4.944
1.59958E+15,1,-0.41554,0.17481,-0.82815
1.59958E+15,2,-15.68651,-52.24769,-4.4557
1.59958E+15,1,-0.5801,0.19678,-0.87063
1.59958E+15,2,-17.45659,-53.71258,-3.84533
1.59958E+15,1,-0.63088,0.21534,-0.84036
1.59958E+15,2,-17.1514,-57.25272,-4.08948
1.59958E+15,1,-0.46779,0.19971,-0.8218
1.59958E+15,2,-16.41896,-59.20591,-4.82192
1.59958E+15,1,-0.37892,0.17774,-0.78079
1.59958E+15,2,-15.80859,-57.74102,-5.06607
1.59958E+15,1,-0.47609,0.18506,-0.8135
1.59958E+15,2,-15.93066,-53.89569,-4.08948
1.59958E+15,1,-0.59279,0.21143,-0.8301
1.59958E+15,2,-15.62548,-53.71258,-3.66222
1.59958E+15,1,-0.64309,0.2378,-0.84915
1.59958E+15,2,-15.07614,-54.99435,-3.66222
1.59958E+15,1,-0.51076,0.22706,-0.82571
1.59958E+15,2,-15.01511,-56.21509,-4.39467
1.59958E+15,1,-0.45851,0.20508,-0.80081
1.59958E+15,2,-15.38133,-55.05539,-4.57778
1.59958E+15,1,-0.47804,0.18848,-0.78176
1.59958E+15,2,-15.32029,-51.21006,-3.7843
1.59958E+15,1,-0.58644,0.19971,-0.772
1.59958E+15,2,-15.32029,-50.96591,-3.35704
1.59958E+15,1,-0.63088,0.21192,-0.78225
1.59958E+15,2,-14.89303,-51.88147,-3.35704
1.59958E+15,1,-0.60158,0.22999,-0.79543
1.59958E+15,2,-14.832,-55.60472,-4.15052
1.59958E+15,1,-0.54494,0.22217,-0.79397
1.59958E+15,2,-14.95407,-55.97095,-4.27259
1.59958E+15,1,-0.53273,0.20997,-0.75491
1.59958E+15,2,-16.41896,-55.78784,-4.4557
1.59958E+15,1,-0.60891,0.21143,-0.75051
1.59958E+15,2,-16.84622,-54.99435,-4.15052
1.59958E+15,1,-0.68654,0.23292,-0.7427
1.59958E+15,2,-15.9917,-55.17747,-3.96741
1.59958E+15,1,-0.67092,0.24464,-0.76565
1.59958E+15,2,-15.44237,-56.8865,-4.21155
1.59958E+15,1,-0.59084,0.2378,-0.73684
1.59958E+15,2,-15.80859,-58.83969,-4.76089
1.59958E+15,1,-0.54689,0.21339,-0.72317
1.59958E+15,2,-16.48,-56.33717,-4.39467
1.59958E+15,1,-0.63527,0.22315,-0.69436
1.59958E+15,2,-16.05274,-56.03198,-4.02844
1.59958E+15,1,-0.70363,0.23096,-0.71487
1.59958E+15,2,-15.68651,-55.05539,-3.84533
1.59958E+15,1,-0.65383,0.24366,-0.69387
1.59958E+15,2,-14.28266,-56.39821,-4.4557
1.59958E+15,1,-0.60939,0.24024,-0.71682
1.59958E+15,2,-14.832,-55.42161,-4.63881
1.59958E+15,1,-0.59279,0.22657,-0.68801
1.59958E+15,2,-15.19822,-53.10221,-4.63881
1.59958E+15,1,-0.68703,0.22608,-0.69631
1.59958E+15,2,-15.44237,-50.66073,-3.96741
1.59958E+15,1,-0.73586,0.23389,-0.6802
1.59958E+15,2,-15.13718,-51.57628,-3.96741
1.59958E+15,1,-0.76272,0.25733,-0.71389
1.59958E+15,2,-14.70992,-55.78784,-4.08948
1.59958E+15,1,-0.68752,0.26075,-0.7051
1.59958E+15,2,-14.95407,-58.16828,-4.57778
1.59958E+15,1,-0.63186,0.25098,-0.68947
1.59958E+15,2,-16.84622,-59.87732,-4.57778
1.59958E+15,1,-0.67483,0.22999,-0.64064
1.59958E+15,2,-17.76177,-59.0228,-4.76089
1.59958E+15,1,-0.75539,0.23878,-0.62844
1.59958E+15,2,-17.33451,-57.43583,-4.33363
1.59958E+15,1,-0.72268,0.25147,-0.64553
1.59958E+15,2,-15.9917,-58.77865,-4.82192
1.59958E+15,1,-0.65041,0.24512,-0.63088
1.59958E+15,2,-16.72414,-60.6708,-5.43229
1.59958E+15,1,-0.69192,0.23536,-0.62697
1.59958E+15,2,-17.51762,-56.8865,-4.944
1.59958E+15,1,-0.78811,0.24415,-0.60256
1.59958E+15,2,-17.02933,-56.76443,-4.51674
1.59958E+15,1,-0.79983,0.25782,-0.61916
1.59958E+15,2,-15.38133,-56.39821,-4.27259
1.59958E+15,1,-0.71291,0.26368,-0.58693
1.59958E+15,2,-14.77096,-57.13065,-4.27259
1.59958E+15,1,-0.69582,0.25538,-0.59181
1.59958E+15,2,-15.86962,-55.05539,-4.33363
1.59958E+15,1,-0.73489,0.24561,-0.55617
1.59958E+15,2,-16.05274,-52.67495,-4.02844
1.59958E+15,1,-0.81692,0.24952,-0.56984
1.59958E+15,2,-15.44237,-52.49184,-3.7843
1.59958E+15,1,-0.81008,0.25684,-0.55129
1.59958E+15,2,-14.09955,-53.52947,-4.02844
1.59958E+15,1,-0.76272,0.27296,-0.58107
1.59958E+15,2,-14.22163,-55.11643,-4.02844
1.59958E+15,1,-0.73635,0.27003,-0.57179
1.59958E+15,2,-15.38133,-55.29954,-4.33363
1.59958E+15,1,-0.76711,0.26124,-0.57033
1.59958E+15,2,-16.96829,-54.68917,-4.57778
1.59958E+15,1,-0.82424,0.25782,-0.53468
1.59958E+15,2,-16.66311,-55.97095,-5.00504
1.59958E+15,1,-0.80569,0.24073,-0.43214
1.59958E+15,2,-13.06192,-45.28947,-3.54015
1.59958E+15,1,-0.72512,0.22559,-0.32911
1.59958E+15,2,-6.95822,-28.56532,-2.50252
1.59958E+15,1,-0.72463,0.23634,-0.34327
1.59958E+15,2,-3.72326,-13.91644,-1.34281
1.59958E+15,1,-0.76028,0.23389,-0.37599
1.59958E+15,2,1.03763,3.47911,0.06104
1.59958E+15,1,-0.79299,0.25733,-0.4756
1.59958E+15,2,5.31022,15.01511,1.03763
1.59958E+15,1,-0.79153,0.25636,-0.49855
1.59958E+15,2,5.73748,21.11881,1.89215
1.59958E+15,1,-0.78616,0.24561,-0.41749
1.59958E+15,2,9.27763,31.4951,3.05185
1.59958E+15,1,-0.73049,0.23634,-0.37599
1.59958E+15,2,12.93985,44.25184,3.54015
1.59958E+15,1,-0.73733,0.23292,-0.38478
1.59958E+15,2,15.68651,55.05539,4.33363
1.59958E+15,1,-0.81838,0.24805,-0.46632
1.59958E+15,2,18.37214,61.95257,4.69985
1.59958E+15,1,-0.81057,0.27784,-0.61086
1.59958E+15,2,19.34874,61.28117,4.39467
1.59958E+15,1,-0.76077,0.27638,-0.60256
1.59958E+15,2,17.6397,59.20591,4.57778
1.59958E+15,1,-0.76907,0.26417,-0.58156
1.59958E+15,2,16.11377,60.12146,4.39467
1.59958E+15,1,-0.76223,0.25636,-0.54738
1.59958E+15,2,16.72414,61.09806,4.33363
1.59958E+15,1,-0.69387,0.23927,-0.57814
1.59958E+15,2,17.6397,62.01361,4.08948
1.59958E+15,1,-0.75442,0.2505,-0.63771
1.59958E+15,2,18.00592,64.69924,4.82192
1.59958E+15,1,-0.76565,0.2588,-0.67629
1.59958E+15,2,16.96829,59.45006,4.15052
1.59958E+15,1,-0.69045,0.25391,-0.69582
1.59958E+15,2,16.54103,56.27613,3.66222
1.59958E+15,1,-0.68703,0.23927,-0.6465
1.59958E+15,2,15.13718,57.3748,4.15052
1.59958E+15,1,-0.77248,0.24708,-0.6758
1.59958E+15,2,15.25925,56.09302,4.27259
1.59958E+15,1,-0.77444,0.25684,-0.67141
1.59958E+15,2,16.17481,54.81124,4.51674
1.59958E+15,1,-0.71633,0.27882,-0.71584
1.59958E+15,2,16.23585,51.33213,4.15052
1.59958E+15,1,-0.64846,0.25636,-0.65236
1.59958E+15,2,14.22163,51.08798,3.7843
1.59958E+15,1,-0.63332,0.23878,-0.65627
1.59958E+15,2,14.03851,52.49184,3.54015
1.59958E+15,1,-0.67336,0.22364,-0.62697
1.59958E+15,2,13.73333,53.71258,3.54015
1.59958E+15,1,-0.72854,0.22755,-0.67287
1.59958E+15,2,14.89303,54.13984,3.72326
1.59958E+15,1,-0.74368,0.24952,-0.67776
1.59958E+15,2,15.9917,52.4308,3.7843
1.59958E+15,1,-0.6802,0.26124,-0.71731
1.59958E+15,2,15.74755,50.2945,3.296
1.59958E+15,1,-0.59621,0.2378,-0.65139
1.59958E+15,2,15.32029,53.65154,3.66222
1.59958E+15,1,-0.61623,0.22266,-0.65334
1.59958E+15,2,16.48,58.5345,3.96741
1.59958E+15,1,-0.69582,0.24317,-0.69192
1.59958E+15,2,17.27348,61.76946,4.39467
1.59958E+15,1,-0.67531,0.24854,-0.73537
1.59958E+15,2,17.1514,59.51109,4.08948
1.59958E+15,1,-0.60402,0.23585,-0.74172
1.59958E+15,2,16.96829,57.92413,3.47911
1.59958E+15,1,-0.55373,0.20948,-0.69729
1.59958E+15,2,16.17481,58.47346,3.47911
1.59958E+15,1,-0.63186,0.21241,-0.72512
1.59958E+15,2,16.96829,59.08383,3.66222
1.59958E+15,1,-0.67043,0.22706,-0.77151
1.59958E+15,2,16.54103,56.8865,3.66222
1.59958E+15,1,-0.61281,0.23878,-0.82913
1.59958E+15,2,16.90725,52.85806,3.296
1.59958E+15,1,-0.53175,0.22706,-0.81204
1.59958E+15,2,15.5034,51.63732,3.23496
1.59958E+15,1,-0.51808,0.2046,-0.79934
1.59958E+15,2,14.28266,51.39317,3.05185
1.59958E+15,1,-0.58156,0.1963,-0.75295
1.59958E+15,2,14.03851,52.9191,3.66222
1.59958E+15,1,-0.63332,0.20508,-0.77248
1.59958E+15,2,15.56444,55.11643,3.90637
1.59958E+15,1,-0.61281,0.22022,-0.78127
1.59958E+15,2,15.56444,52.18665,3.47911
1.59958E+15,1,-0.52297,0.22169,-0.82376
1.59958E+15,2,15.62548,49.92828,2.50252
1.59958E+15,1,-0.43995,0.20118,-0.77688
1.59958E+15,2,14.832,51.45421,2.74667
1.59958E+15,1,-0.48634,0.19385,-0.78079
1.59958E+15,2,13.91644,52.98013,2.92978
1.59958E+15,1,-0.60256,0.20118,-0.75246
1.59958E+15,2,14.40474,56.82546,3.41807
1.59958E+15,1,-0.63771,0.21876,-0.82034
1.59958E+15,2,15.9917,56.09302,3.41807
1.59958E+15,1,-0.57961,0.2212,-0.82962
1.59958E+15,2,16.60207,54.56709,3.47911
1.59958E+15,1,-0.40968,0.18799,-0.8301
1.59958E+15,2,16.11377,53.46843,3.23496
1.59958E+15,1,-0.43556,0.18262,-0.80178
1.59958E+15,2,16.41896,56.27613,4.21155
1.59958E+15,1,-0.50539,0.19483,-0.80764
1.59958E+15,2,15.80859,58.59554,4.63881
1.59958E+15,1,-0.56447,0.21192,-0.82034
1.59958E+15,2,16.54103,58.35139,4.57778
1.59958E+15,1,-0.51076,0.21241,-0.86282
1.59958E+15,2,16.29688,56.15406,3.90637
1.59958E+15,1,-0.37111,0.18555,-0.87893
1.59958E+15,2,16.11377,52.9191,3.11289
1.59958E+15,1,-0.31788,0.17725,-0.87161
1.59958E+15,2,15.19822,51.51524,2.99081
1.59958E+15,1,-0.39698,0.18702,-0.87063
1.59958E+15,2,15.13718,54.13984,3.11289
1.59958E+15,1,-0.52004,0.20704,-0.88089
1.59958E+15,2,14.28266,54.32295,3.11289
1.59958E+15,1,-0.5591,0.20704,-0.91311
1.59958E+15,2,14.89303,55.60472,2.8077
1.59958E+15,1,-0.43263,0.17237,-0.87747
1.59958E+15,2,15.68651,54.44502,2.99081
1.59958E+15,1,-0.3379,0.1626,-0.8887
1.59958E+15,2,15.74755,53.28532,2.92978
1.59958E+15,1,-0.33204,0.15674,-0.85989
1.59958E+15,2,15.9917,56.21509,3.41807
1.59958E+15,1,-0.4341,0.18555,-0.90481
1.59958E+15,2,16.17481,58.10724,3.84533
1.59958E+15,1,-0.49025,0.19727,-0.87796
1.59958E+15,2,15.32029,57.55791,3.66222
1.59958E+15,1,-0.34425,0.167,-0.87893
1.59958E+15,2,15.56444,54.13984,3.11289
1.59958E+15,1,-0.28077,0.14844,-0.85403
1.59958E+15,2,16.90725,54.75021,3.05185
1.59958E+15,1,-0.32862,0.15674,-0.91946
1.59958E+15,2,17.45659,57.43583,3.41807
1.59958E+15,1,-0.44777,0.18751,-0.93069
1.59958E+15,2,16.29688,56.03198,4.08948
1.59958E+15,1,-0.46388,0.18799,-0.94974
1.59958E+15,2,15.13718,53.71258,4.02844
1.59958E+15,1,-0.32667,0.15528,-0.89309
1.59958E+15,2,15.74755,53.65154,3.60118
1.59958E+15,1,-0.26905,0.13526,-0.89456
1.59958E+15,2,16.54103,55.78784,3.23496
1.59958E+15,1,-0.31056,0.15479,-0.92434
1.59958E+15,2,17.1514,58.16828,3.23496
1.59958E+15,1,-0.35255,0.16846,-0.9556
1.59958E+15,2,15.9917,55.78784,2.86874
1.59958E+15,1,-0.32325,0.16358,-0.95267
1.59958E+15,2,15.9917,55.54369,2.74667
1.59958E+15,1,-0.18067,0.11475,-0.88723
1.59958E+15,2,15.93066,55.17747,2.56355
1.59958E+15,1,-0.19483,0.11817,-0.92679
1.59958E+15,2,16.60207,55.29954,2.31941
1.59958E+15,1,-0.28907,0.1377,-0.95218
1.59958E+15,2,16.84622,57.43583,3.05185
1.59958E+15,1,-0.30079,0.15772,-0.99319
1.59958E+15,2,16.23585,55.66576,3.54015
1.59958E+15,1,-0.27735,0.14112,-0.93655
1.59958E+15,2,15.80859,56.03198,3.296
1.59958E+15,1,-0.21192,0.12012,-0.94632
1.59958E+15,2,17.39555,59.51109,3.60118
1.59958E+15,1,-0.28272,0.14795,-0.98001
1.59958E+15,2,17.45659,60.30457,4.33363
1.59958E+15,1,-0.34034,0.17481,-1.04495
1.59958E+15,2,15.80859,58.96176,5.31022
1.59958E+15,1,-0.20264,0.14844,-0.97659
1.59958E+15,2,15.86962,56.21509,4.33363
1.59958E+15,1,-0.17139,0.10205,-0.93069
1.59958E+15,2,17.09037,55.54369,3.47911
1.59958E+15,1,-0.1919,0.12549,-0.95901
1.59958E+15,2,17.1514,57.3748,3.41807
1.59958E+15,1,-0.22169,0.13086,-0.96927
1.59958E+15,2,16.29688,54.20087,3.60118
1.59958E+15,1,-0.19874,0.13184,-0.97513
1.59958E+15,2,15.80859,54.75021,3.54015
1.59958E+15,1,-0.08203,0.08594,-0.89944
1.59958E+15,2,16.17481,55.90991,2.62459
1.59958E+15,1,-0.13282,0.08301,-0.94436
1.59958E+15,2,17.70074,57.25272,2.92978
1.59958E+15,1,-0.21143,0.11231,-0.96683
1.59958E+15,2,17.09037,59.93835,4.15052
1.59958E+15,1,-0.1084,0.09961,-0.97464
1.59958E+15,2,16.48,58.04621,4.02844
1.59958E+15,1,-0.10205,0.08399,-0.94876
1.59958E+15,2,17.39555,58.47346,3.11289
1.59958E+15,1,-0.10254,0.08741,-1.00003
1.59958E+15,2,16.35792,59.45006,3.296
1.59958E+15,1,-0.18848,0.12354,-1.04251
1.59958E+15,2,16.11377,57.92413,3.96741
1.59958E+15,1,-0.15821,0.12989,-1.03568
1.59958E+15,2,16.11377,57.98517,3.84533
1.59958E+15,1,-0.0586,0.10303,-0.99319
1.59958E+15,2,18.55525,59.6942,3.84533
1.59958E+15,1,-0.07227,0.09668,-0.99954
1.59958E+15,2,17.70074,57.49687,3.90637
1.59958E+15,1,-0.15821,0.11182,-1.07425
1.59958E+15,2,16.23585,59.20591,4.21155
1.59958E+15,1,-0.06543,0.09912,-1.00687
1.59958E+15,2,17.09037,57.3748,4.57778
1.59958E+15,1,-0.00488,0.05664,-0.96634
1.59958E+15,2,17.45659,56.09302,4.02844
1.59958E+15,1,-0.02783,0.09326,-0.96585
1.59958E+15,2,16.54103,58.59554,4.76089
1.59958E+15,1,-0.02002,0.07666,-0.99271
1.59958E+15,2,16.23585,57.13065,4.27259
1.59958E+15,1,-0.05078,0.06494,-0.97122
1.59958E+15,2,17.51762,58.96176,4.27259
1.59958E+15,1,0.05225,0.05518,-0.9595
1.59958E+15,2,17.1514,58.47346,3.72326
1.59958E+15,1,-0.00439,0.06592,-1.01907
1.59958E+15,2,15.5034,53.28532,4.08948
1.59958E+15,1,-0.06006,0.09424,-1.1016
1.59958E+15,2,12.51259,44.80117,3.41807
1.59958E+15,1,-0.07324,0.09619,-1.12308
1.59958E+15,2,10.25422,35.70666,2.38044
1.59958E+15,1,-0.01318,0.08399,-1.07962
1.59958E+15,2,7.7517,27.0394,1.70904
1.59958E+15,1,-0.00342,0.06836,-1.03372
1.59958E+15,2,4.88296,17.09037,1.1597
1.59958E+15,1,-0.02734,0.08155,-1.05765
1.59958E+15,2,2.56355,10.80355,0.67141
1.59958E+15,1,0.00244,0.0752,-1.07913
1.59958E+15,2,0.85452,3.296,0.18311
1.59958E+15,1,0.03369,0.06494,-1.04935
1.59958E+15,2,-0.61037,-2.38044,-0.24415
1.59958E+15,1,0.0249,0.05762,-0.99759
1.59958E+15,2,-1.1597,-4.15052,-0.36622
1.59958E+15,1,0.03369,0.06153,-0.95413
1.59958E+15,2,-1.1597,-3.35704,-0.4883
1.59958E+15,1,0.02832,0.06055,-0.9722
1.59958E+15,2,-0.61037,-1.83111,-0.36622
1.59958E+15,1,0.03858,0.06153,-1.00296
1.59958E+15,2,-0.24415,-0.79348,-0.42726
1.59958E+15,1,0.02393,0.05957,-1.01419
1.59958E+15,2,-0.24415,-1.46489,-0.36622
1.59958E+15,1,0.01856,0.06641,-0.99173
1.59958E+15,2,-0.30519,-2.1363,-0.42726
1.59958E+15,1,0.01367,0.0625,-0.96976
1.59958E+15,2,-0.12207,-1.22074,-0.30519
1.59958E+15,1,0.01465,0.06446,-0.97903
1.59958E+15,2,0.06104,-0.42726,-0.36622
1.59958E+15,1,0.01367,0.06055,-0.99368
1.59958E+15,2,0.12207,-0.30519,-0.24415
1.59958E+15,1,0.01465,0.06348,-0.9971
1.59958E+15,2,0.12207,-0.79348,-0.12207
1.59958E+15,1,0.01123,0.06397,-0.98343
1.59958E+15,2,0.18311,-0.73244,-0.12207
1.59958E+15,1,0.0127,0.06446,-0.97806
1.59958E+15,2,0.30519,-0.12207,-0.24415
1.59958E+15,1,0.01611,0.06153,-0.98587
1.59958E+15,2,0.42726,0.61037,-0.12207
1.59958E+15,1,0.02051,0.06055,-1.00052
1.59958E+15,2,0.36622,0.4883,-0.12207
1.59958E+15,1,0.0249,0.06006,-0.99954
1.59958E+15,2,0.06104,-0.18311,-0.18311
1.59958E+15,1,0.02344,0.06153,-0.98831
1.59958E+15,2,0.24415,-0.18311,-0.18311
1.59958E+15,1,0.0249,0.0586,-0.98489
1.59958E+15,2,0.36622,0.30519,-0.24415
1.59958E+15,1,0.02637,0.05615,-0.99417
1.59958E+15,2,0.24415,0.4883,-0.18311
1.59958E+15,1,0.03027,0.05615,-1.00784
1.59958E+15,2,-0.18311,-0.36622,-0.30519
1.59958E+15,1,0.03027,0.05615,-1.0054
1.59958E+15,2,-0.24415,-0.85452,-0.24415
1.59958E+15,1,0.02783,0.05762,-0.99222
1.59958E+15,2,-0.30519,-1.1597,-0.24415
1.59958E+15,1,0.0249,0.05908,-0.98343
1.59958E+15,2,-0.30519,-0.85452,-0.30519
1.59958E+15,1,0.02344,0.05908,-0.99026
1.59958E+15,2,0.12207,0,-0.06104
1.59958E+15,1,0.02246,0.0625,-1.00198
1.59958E+15,2,-0.06104,-0.30519,-0.18311
1.59958E+15,1,0.02149,0.06104,-1.00101
1.59958E+15,2,-0.4883,-1.28178,-0.30519
1.59958E+15,1,0.0166,0.06299,-0.9888
1.59958E+15,2,-0.30519,-1.28178,-0.36622
1.59958E+15,1,0.01221,0.0625,-0.97806
1.59958E+15,2,-0.30519,-0.85452,-0.30519
1.59958E+15,1,0.01416,0.06348,-0.98148
1.59958E+15,2,-0.18311,-0.24415,-0.24415
1.59958E+15,1,0.01318,0.06299,-0.99271
1.59958E+15,2,-0.24415,-0.12207,-0.18311
1.59958E+15,1,0.01563,0.06446,-0.9971
1.59958E+15,2,-0.12207,-0.24415,-0.12207
1.59958E+15,1,0.0166,0.06446,-0.99271
1.59958E+15,2,0,-0.24415,-0.12207
1.59958E+15,1,0.0166,0.06446,-0.98294
1.59958E+15,2,-0.18311,-0.36622,-0.24415
1.59958E+15,1,0.021,0.06348,-0.98343
1.59958E+15,2,-0.06104,0,-0.24415
1.59958E+15,1,0.02393,0.06348,-0.99368
1.59958E+15,2,0.24415,0.61037,-0.12207
1.59958E+15,1,0.02637,0.06104,-1.00052
1.59958E+15,2,0.18311,0.18311,-0.24415
1.59958E+15,1,0.02832,0.06153,-0.99954
1.59958E+15,2,0.06104,-0.36622,-0.30519
1.59958E+15,1,0.02832,0.06104,-0.99271
1.59958E+15,2,-0.24415,-0.79348,-0.36622
1.59958E+15,1,0.02979,0.06006,-0.99173
1.59958E+15,2,0.18311,-0.24415,-0.18311
1.59958E+15,1,0.02881,0.05811,-0.99319
1.59958E+15,2,0.12207,-0.4883,-0.24415
1.59958E+15,1,0.0293,0.05908,-0.9971
1.59958E+15,2,0.18311,-0.61037,-0.18311
1.59958E+15,1,0.0249,0.06055,-0.99661
1.59958E+15,2,0.06104,-0.91556,-0.24415
1.59958E+15,1,0.02295,0.06104,-0.99124
1.59958E+15,2,0,-1.1597,-0.30519
1.59958E+15,1,0.01953,0.06104,-0.99026
1.59958E+15,2,-0.06104,-1.1597,-0.36622
1.59958E+15,1,0.01856,0.06055,-0.9888
1.59958E+15,2,0,-0.73244,-0.24415
1.59958E+15,1,0.0166,0.06104,-0.99026
1.59958E+15,2,0,-0.67141,-0.30519
1.59958E+15,1,0.01514,0.06153,-0.98929
1.59958E+15,2,0,-0.54933,-0.24415
1.59958E+15,1,0.01416,0.06153,-0.98831
1.59958E+15,2,0.06104,-0.36622,-0.18311
1.59958E+15,1,0.01563,0.06055,-0.98733
1.59958E+15,2,0.06104,-0.12207,-0.18311
1.59958E+15,1,0.0166,0.06104,-0.98929
1.59958E+15,2,-0.06104,-0.12207,-0.24415
1.59958E+15,1,0.01856,0.06104,-0.99075
1.59958E+15,2,0.06104,0.06104,-0.12207
1.59958E+15,1,0.01953,0.05957,-0.99222
1.59958E+15,2,-0.06104,-0.12207,-0.18311
1.59958E+15,1,0.02246,0.06055,-0.99026
1.59958E+15,2,0.12207,0.24415,-0.06104
